id,title,difficulty,status,tags,link,language,code,notes,createdAt
6f882bf8-762a-41dc-9768-6d1821b56793,Find Min Variance,Easy,Not Attempted,Amazon | 2024-oa,https://www.fastprep.io/problems/amazon-find-minimum-possible-variance,cpp,,,2024-10-01T00:00:00.000Z
b00e4705-2c9f-4617-98f6-2681332d0832,Count Inaccurate Results,Easy,Solved,Amazon | 2024-oa,https://www.fastprep.io/problems/amazon-count-processes-giving-inaccurate-results,cpp,"class Solution {
public:
  int countInaccurateResults(vector<int> processOrder, vector<int> executionOrder) {
    int i=0, j=0;
    int count = 0;
    int n = processOrder.size();
    while(j<n) {
      if(processOrder[i] != processOrder[j]) {
        count++;
        j++;
      } else {
        i++;
        j++;
      }
    }
    return count;
  }
};",,2024-10-01T00:00:00.000Z
9b3fb1e8-a920-4322-915f-06ecce4760a8,Find Min Time Required,Easy,Not Attempted,Amazon | 2024-oa,https://www.fastprep.io/problems/amazon-find-minimum-time-required,javascript,,,2024-10-01T00:00:00.000Z
71dd8262-75db-44e5-89eb-eb97906ba360,Cleanup Dataset,Medium,Solved,Amazon | 2024-oa,https://www.fastprep.io/problems/amazon-cleanup-dataset,cpp,"class Solution {
public:
  int cleanupDataset(string dataset, int x, int y) {
    int ans = 0;
    int n = dataset.size();
    vector<int>f(26, 0);
    
    for(auto c: dataset) {
      f[c-'a']++;
    }
    
    if(x <= y) {
      int evens = 0, odds = 0;
      for(auto num: f) {
        evens += num/2;
      }
      odds = n/2 - evens;
      return x*evens + y*odds;
    } else {
      int mx = *max_element(f.begin(), f.end());
      if(mx > n/2) {
        int excessSamePairs = mx - n/2;
        int differentPairs = (n/2) - excessSamePairs;
        return excessSamePairs*x + differentPairs*y;
      }
      return (n/2)*y;
    }
    
  }
};",greedy,2024-10-01T00:00:00.000Z
ee986da7-2ae9-48d5-80f0-b75264d2e243,Find Maximum Packages,Hard,Not Attempted,Amazon | 2024-oa,https://www.fastprep.io/problems/amazon-find-maximum-packages,javascript,,,2024-10-01T00:00:00.000Z
d68cb837-4884-4431-9ba9-8ebd921932f6,Determine Purchases,Medium,Not Attempted,Amazon | 2024-oa,https://www.fastprep.io/problems/amazon-determine-the-volumes-you-would-purchase-each-day,javascript,,,2024-10-01T00:00:00.000Z
2e307b93-5dfb-42c5-b17e-c35ba3d2dabb,Calculate Warehouse Efficiency,Medium,Not Attempted,Amazon | 2024-oa,https://www.fastprep.io/problems/amazon-calculate-warehouse-efficiency,javascript,,,2024-10-01T00:00:00.000Z
fb97d49f-b220-4395-b873-e033aeddee30,Make All Elements Distinct,Medium,Solved,Amazon | 2024-oa,https://www.fastprep.io/problems/amazon-make-all-elements-distinct,cpp,"#include <bits/stdc++.h>

class Solution {
public:
  int makeAllElementsDistinct(int n, vector<int> identifier) {
    int idx = 0;
    unordered_map<int,int>mp;
    for(auto it: identifier) {
      mp[it]++;
    }
    for(int i=0; i<n; i++) {
      int num = identifier[i];
      if(mp[num]>1) {
        idx = i;
      }
      mp[num]--;
    }
    return idx+1;
  }
};",we can also do binary search on index,2024-10-01T00:00:00.000Z
0ad0aa54-b4d2-4006-a942-653e004a6433,Maximize Similarity,Medium,Not Attempted,Amazon | 2024-oa,https://www.fastprep.io/problems/amazon-maximize-similarity,javascript,,,2024-10-01T00:00:00.000Z
a77dd454-cf87-4225-9e05-b6d3833ee27e,Find Networking Calls,Easy,Not Attempted,Amazon | Graphs | 2024-oa,https://www.fastprep.io/problems/amazon-find-network-calls,javascript,,,2024-10-01T00:00:00.000Z
4e000f77-92f6-4f1b-b83b-dd060388b35c,Get Smaller Items,Medium,Not Attempted,Amazon | 2024-oa,https://www.fastprep.io/problems/amazon-get-smaller-items,javascript,,,2024-10-01T00:00:00.000Z
bcf11230-67b1-4bba-95da-43224de4022c,About Mortgage,Medium,Not Attempted,Amazon | 2024-oa,https://www.fastprep.io/problems/amazon-maximum-number-of-days-to-survive,javascript,,,2024-10-01T00:00:00.000Z
36f859f4-8638-450a-9fde-2c17fe3ffa8d,Get Min Cost of Purchasing Books,Medium,Not Attempted,Amazon | 2024-oa,https://www.fastprep.io/problems/amazon-get-min-cost-book,javascript,,,2024-10-01T00:00:00.000Z
6c3289c2-5eb0-4a1a-a183-67419acaec8b,Schedule Tasks,Medium,Not Attempted,Amazon | 2024-oa,https://www.fastprep.io/problems/amazon-schedule-tasks,javascript,,,2024-10-01T00:00:00.000Z
3d5fabda-5e49-4f6f-8484-7ca77fec7c8f,Planning the Campaign,Medium,Not Attempted,Amazon | 2024-oa,https://www.fastprep.io/problems/amazon-minimum-weekly-input,javascript,,,2024-10-01T00:00:00.000Z
c01c31ea-e440-4a84-b646-e3701f4fb419,Get Max Programs,Medium,Not Attempted,Amazon | 2024-oa,https://www.fastprep.io/problems/amazon-get-max-programs,javascript,,,2024-10-01T00:00:00.000Z
6df9efb4-5c67-4589-a13c-d6965f494e49,Find Minimum Time,Easy,Not Attempted,Amazon | 2024-oa,https://www.fastprep.io/problems/amazon-find-minimum-time,javascript,,,2024-10-01T00:00:00.000Z
43f91740-272a-408a-b2e6-a1e606a2ce92,Get Max Charge,Medium,Not Attempted,Amazon | 2024-oa,https://www.fastprep.io/problems/amazon-get-max-charge,javascript,,,2024-10-01T00:00:00.000Z
1f5e0380-387c-4c9d-a8c5-589027e99a17,Min Time to Create Beautiful Canvas,Medium,Not Attempted,Amazon | 2024-oa,https://www.fastprep.io/problems/amazon-find-minimum-time-to-create-beautiful-canvas,javascript,,,2024-10-01T00:00:00.000Z
1deeb19a-2c50-4d3a-9697-63e050ba90ba,Rearrange Binary String,Medium,Not Attempted,Amazon | Strings | 2024-oa,https://www.fastprep.io/problems/amazon-rearrange-binary-string,javascript,,,2024-10-01T00:00:00.000Z
baee74ac-f696-4e74-bd5f-fe3e05c9606a,Sort Permutation,Medium,Not Attempted,Amazon | Sorting | 2024-oa,https://www.fastprep.io/problems/amazon-can-sort-permutation-in-given-moves,javascript,,,2024-10-01T00:00:00.000Z
2862bed9-4791-44d3-aac5-a786a1082e5b,Get Longest Substrings,Medium,Not Attempted,Amazon | Strings | Trees | 2024-oa,https://www.fastprep.io/problems/amazon-get-longest-substring,javascript,,,2024-10-01T00:00:00.000Z
0f29f7d9-6ff0-43ff-9040-64187fa50b88,Get Max Alternating Music,Medium,Not Attempted,Amazon | 2024-oa,https://www.fastprep.io/problems/amazon-get-max-alternating-music,javascript,,,2024-10-01T00:00:00.000Z
9dd54515-b45a-4f64-ad07-3f7b68a3d5fd,Maximize Secondary Tasks Scheduled,Medium,Not Attempted,Amazon | 2024-oa,https://www.fastprep.io/problems/amazon-maximize-secondary-tasks-scheduled,javascript,,,2024-10-01T00:00:00.000Z
80b268c0-5e82-41bb-bb52-2682b6d84ddb,Task Scheduler,Medium,Not Attempted,Amazon | 2024-oa,https://www.fastprep.io/problems/amazon-task-scheduler,javascript,,,2024-10-01T00:00:00.000Z
25263002-40e3-457e-9466-3e9501fa4e8a,Get Min Score,Medium,Not Attempted,Amazon | 2024-oa,https://www.fastprep.io/problems/amazon-get-min-score,javascript,,,2024-10-01T00:00:00.000Z
d6851fd3-8464-4b25-85d4-236ed46de522,Special String,Medium,Not Attempted,Amazon | Strings | 2024-oa,https://www.fastprep.io/problems/amazon-get-special-string,javascript,,,2024-10-01T00:00:00.000Z
917b4333-e6f6-4660-bc63-d5fccb632033,Find Days S2 Subsequence of S1,Easy,Not Attempted,Amazon | DP | 2024-oa,https://www.fastprep.io/problems/amazon-find-days-s2-subsequence-of-s1,javascript,,,2024-10-01T00:00:00.000Z
60d0fe00-a8e6-4d22-bafe-900376eca6cd,Find Subarray with Minimum Distinct Integers,Easy,Not Attempted,Amazon | Arrays | 2024-oa,https://www.fastprep.io/problems/amazon-find-subarray-with-minimum-distinct-integers,javascript,,,2024-10-01T00:00:00.000Z
faf1c85c-cda0-4134-b850-7fae5a98ef30,Maximum Quality Sum,Hard,Not Attempted,Amazon | 2024-oa,https://www.fastprep.io/problems/amazon-maximum-quality-sum,javascript,,,2024-10-01T00:00:00.000Z
38a7995d-ef17-40fb-8263-c386fbfbe02b,Minimize Warehouse Transfer Cost,Medium,Not Attempted,Amazon | 2024-oa,https://www.fastprep.io/problems/amazon-minimize-warehouse-transfer-cost,javascript,,,2024-10-01T00:00:00.000Z
406152fe-2700-4f22-a667-6b2140403009,Find Sum of Beauties,Easy,Not Attempted,Amazon | 2024-oa,https://www.fastprep.io/problems/amazon-find-sum-of-beauties,javascript,,,2024-10-01T00:00:00.000Z
955a5c69-5c69-4d7d-be93-1e14492e6b62,Longest Perfect Anagrams,Medium,Not Attempted,Amazon | 2024-oa,https://www.fastprep.io/problems/amazon-longest-perfect-anagrams,javascript,,,2024-10-01T00:00:00.000Z
781ae8a0-b556-4006-9e58-ed4fcbc36f56,Find Maximum Calories,Hard,Not Attempted,Amazon | 2024-oa,https://www.fastprep.io/problems/amazon-find-maximum-calories,javascript,,,2024-10-01T00:00:00.000Z
0b0cc180-4c01-41b8-b305-9dec1b0e3b62,Get Max Sum,Medium,Not Attempted,Amazon | 2024-oa,https://www.fastprep.io/problems/amazon-get-max-sum,javascript,,,2024-10-01T00:00:00.000Z
57f2627a-3437-4108-84c0-ff7474a40711,Maximum Possible Racers,Hard,Not Attempted,Amazon | 2024-oa,https://www.fastprep.io/problems/amazon-maximum-possible-racers,javascript,,,2024-10-01T00:00:00.000Z
c731026f-6978-460b-8122-bf473afc9df7,Calculate Total Distrance Travelled,Medium,Not Attempted,Amazon | 2024-oa,https://www.fastprep.io/problems/amazon-calculate-total-distance-travelled,javascript,,,2024-10-01T00:00:00.000Z
fc2dcab8-da11-41c5-9c6b-7735dc17d53f,Get Outlier Value,Medium,Not Attempted,Amazon | 2024-oa,https://www.fastprep.io/problems/amazon-get-outlier-value,javascript,,,2024-10-01T00:00:00.000Z
c4cf3102-d05f-4e7e-b155-50a93a355c8a,Distributed Packages,Medium,Not Attempted,Amazon | 2024-oa,https://www.fastprep.io/problems/amazon-distribute-packages,javascript,,,2024-10-01T00:00:00.000Z
39e64c92-bca7-41e3-8c02-799b07a31b56,Get Max Information Gain,Medium,Not Attempted,Amazon | 2024-oa,https://www.fastprep.io/problems/amazon-get-max-information-gain,javascript,,,2024-10-01T00:00:00.000Z
be53f24b-2c12-4557-9695-41c0926ec126,Find Capable Winners,Easy,Not Attempted,Amazon | 2024-oa,https://www.fastprep.io/problems/amazon-find-capable-winners,javascript,,,2024-10-01T00:00:00.000Z
58e97315-9336-4c50-ae58-7ad38db214fb,Find Maximum Zeros,Hard,Not Attempted,Amazon | 2024-oa,https://www.fastprep.io/problems/amazon-find-maximum-zeroes,javascript,,,2024-10-01T00:00:00.000Z
9fc8b3bf-fa66-4251-b23b-b0383650c753,Get Min Size,Medium,Not Attempted,Amazon | 2024-oa,https://www.fastprep.io/problems/amazon-get-min-size,javascript,,,2024-10-01T00:00:00.000Z
a413ca89-d995-4bfd-8375-3370fb4f746b,Calculate Beauty Values,Medium,Not Attempted,Amazon | 2024-oa,https://www.fastprep.io/problems/amazon-calculate-beauty-values,javascript,,,2024-10-01T00:00:00.000Z
a12b8398-1d9b-487b-96a1-e5d5450c4212,Min Operations To Make Zeros,Medium,Not Attempted,Amazon | 2024-oa,https://www.fastprep.io/problems/amazon-find-minimum-number-of-operations,javascript,,,2024-10-01T00:00:00.000Z
5b100fe3-4bb7-46e9-b1d5-4ec29008d98a,Choose Warehouse Location,Medium,Not Attempted,Amazon | 2024-oa,https://www.fastprep.io/problems/amazon-choose-warehouses-location,javascript,,,2024-10-01T00:00:00.000Z
a2f28f7a-0ccc-411d-b68a-fdcee4468e00,Minimize Storage Required,Medium,Not Attempted,Amazon | 2024-oa,https://www.fastprep.io/problems/amazon-minimum-storage-capacity-required,javascript,,,2024-10-01T00:00:00.000Z
54732ec5-e335-465a-8dd2-a5b65f3b557d,Minimize Maximum Parcels,Hard,Not Attempted,Amazon | 2024-oa,https://www.fastprep.io/problems/amazon-minimize-maximum-parcels,javascript,,,2024-10-01T00:00:00.000Z
6d144bb4-b3a5-447b-a40b-4c0db5f0186a,Get Sequence,Medium,Not Attempted,Amazon | 2024-oa,https://www.fastprep.io/problems/amazon-get-sequence,javascript,,,2024-10-01T00:00:00.000Z
beb21b98-64d4-4411-9df5-2b2b214ae740,Get Maximum Sum,Hard,Not Attempted,Amazon | 2024-oa,https://www.fastprep.io/problems/amazon-get-maximum-sum,javascript,,,2024-10-01T00:00:00.000Z
4c1b0340-f669-496e-9807-21a0e20c89ed,Get Num Teams,Medium,Not Attempted,Amazon | 2024-oa,https://www.fastprep.io/problems/amazon-get-num-teams,javascript,,,2024-10-01T00:00:00.000Z
4e14fb32-64f6-45c8-b1e6-d0acb9191de4,Process Queries On Cart,Medium,Not Attempted,Amazon | 2024-oa,https://www.fastprep.io/problems/amazon-process-queries-on-cart,javascript,,,2024-10-01T00:00:00.000Z
b9389499-05fa-418e-a7f2-694f72fc388b,Assign Tasks,Medium,Not Attempted,Amazon | 2024-oa,https://www.fastprep.io/problems/amazon-assign-tasks,javascript,,,2024-10-01T00:00:00.000Z
6af0e806-51bd-4477-9535-2de8a9c65592,Get Server ID,Medium,Not Attempted,Amazon | 2024-oa,https://www.fastprep.io/problems/get-server-ids,javascript,,,2024-10-01T00:00:00.000Z
429af742-121a-4a32-9c2a-8bbe29c110ca,Get Active Requests Count,Easy,Not Attempted,Amazon | 2024-oa,https://www.fastprep.io/problems/amazon-get-active-requests-count,javascript,,,2024-10-01T00:00:00.000Z
c9289e71-59dc-4b55-b787-d836051ba175,Get Operations,Medium,Not Attempted,Amazon | 2024-oa,https://www.fastprep.io/problems/amazon-get-operations,javascript,,,2024-10-01T00:00:00.000Z
a9f48aa5-7863-4645-a9c3-745fb92a62e8,Get Minimum Boxes,Medium,Not Attempted,Amazon | 2024-oa,https://www.fastprep.io/problems/amazon-get-minimum-boxes,javascript,,,2024-10-01T00:00:00.000Z
0002a988-dffd-4d36-ba17-d1235e68965e,Get Min Total Distance,Medium,Not Attempted,Amazon | 2024-oa,https://www.fastprep.io/problems/amazon-get-min-total-distance,javascript,,,2024-10-01T00:00:00.000Z
e12e5a03-ebe4-412b-a799-7723c4289991,Compute Encoded Product Name,Medium,Not Attempted,Amazon | 2024-oa,https://www.fastprep.io/problems/amazon-compute-encoded-product-name,javascript,,,2024-10-01T00:00:00.000Z
d6dc6c8d-12a6-483c-acf0-5f467347cef3,Process Queue,Medium,Not Attempted,Amazon | Queue | 2024-oa,https://www.fastprep.io/problems/amazon-process-queue,javascript,,,2024-10-01T00:00:00.000Z
249de8fc-80d0-44d0-b352-3e9b5709c6d0,Create Array Generator Services,Medium,Not Attempted,Amazon | Arrays | 2024-oa,https://www.fastprep.io/problems/amazon-create-array-generator-service,javascript,,,2024-10-01T00:00:00.000Z
865ba422-1ecb-4b90-bec0-40be75f6cadd,Get Redundant Substrings,Medium,Not Attempted,Amazon | Strings | Trees | 2024-oa,https://www.fastprep.io/problems/amazon-get-redundant-substrings,javascript,,,2024-10-01T00:00:00.000Z
8da78e48-6471-4897-8b57-83296a99b3a3,Max Consecutive ON Servers,Medium,Not Attempted,Amazon | 2024-oa,https://www.fastprep.io/problems/amazon-get-max-consecutive-on,javascript,,,2024-10-01T00:00:00.000Z
29f5adca-5411-4a8d-b3ad-397f8f8fdf0c,Get Total Requests,Medium,Not Attempted,Amazon | 2024-oa,https://www.fastprep.io/problems/amazon-get-total-requests,javascript,,,2024-10-01T00:00:00.000Z
3c4ca317-fc88-45a0-8ddf-8c01711eebfe,Maximize Negative Signs,Medium,Not Attempted,Amazon | 2024-oa,https://www.fastprep.io/problems/maximize-negative-signs,javascript,,,2024-10-01T00:00:00.000Z
ccae78f5-5e20-41f6-b5af-ee3bf14d58ef,Maximum Stability,Hard,Not Attempted,Amazon | 2024-oa,https://www.fastprep.io/problems/amazon-maximum-stability,javascript,,,2024-10-01T00:00:00.000Z
c7fb0e44-700a-4186-8cc1-908f6c0b2713,Is Regex Matching,Medium,Not Attempted,Amazon | 2024-oa,https://www.fastprep.io/problems/amazon-is-regex-matching,javascript,,,2024-10-01T00:00:00.000Z
66ff3c51-18c4-42f8-9987-f6b38f0da5c3,Maximize Subtree Product,Medium,Not Attempted,Amazon | Trees | 2024-oa,https://www.fastprep.io/problems/amazon-maximize-subtree-product,javascript,,,2024-10-01T00:00:00.000Z
1a2438c0-a160-45e5-8d69-7e90fee38aa6,Bring Servers Down,Medium,Not Attempted,Amazon | 2024-oa,https://www.fastprep.io/problems/amazon-bring-servers-down,javascript,,,2024-10-01T00:00:00.000Z
61941fdc-fa9d-400d-9be2-0cfe352695ab,Optimizing Box Weights,Medium,Not Attempted,Amazon | 2024-oa,https://www.fastprep.io/problems/amazon-minimal-heaviest-set-a,javascript,,,2024-10-01T00:00:00.000Z
1c41ee05-f011-4747-8e2c-e13743aa70d4,Find K Level Permutation,Easy,Not Attempted,Amazon | Sorting | 2024-oa,https://www.fastprep.io/problems/amazon-find-k-level-permutation,javascript,,,2024-10-01T00:00:00.000Z
474739db-b6c7-4aec-ac38-f68816a3c11d,Process Execution,Medium,Not Attempted,Amazon | 2024-oa,https://www.fastprep.io/problems/amazon-process-execution,javascript,,,2024-10-01T00:00:00.000Z
bd966129-d659-4d0e-ad0c-bbed2617a3c7,Get Experience,Medium,Not Attempted,Amazon | 2024-oa,https://www.fastprep.io/problems/amazon-get-exp,javascript,,,2024-10-01T00:00:00.000Z
f83b42f4-2be2-41c9-9a4c-a96eaa3654d8,Ordered Confirguration,Medium,Not Attempted,Amazon | 2024-oa,https://www.fastprep.io/problems/amazon-orda-layout,javascript,,,2024-10-01T00:00:00.000Z
0035a235-3024-4095-8c49-655a622022aa,Count Number of Retailers,Easy,Not Attempted,Amazon | 2024-oa,https://www.fastprep.io/problems/amazon-count-number-of-retailers,javascript,,,2024-10-01T00:00:00.000Z
2c17e921-f8e3-46d9-988f-c8722b3e0ffb,Find Max Pairs,Easy,Not Attempted,Amazon | 2024-oa,https://www.fastprep.io/problems/amazon-find-maximum-pairs,javascript,,,2024-10-01T00:00:00.000Z
93d50ce3-f8b5-4141-823a-fbd804e1fc65,Find Median Of Subarray Uniqueness,Easy,Not Attempted,Amazon | Arrays | 2024-oa,https://www.fastprep.io/problems/find-median-of-subarray-uniqueness,javascript,,,2024-10-01T00:00:00.000Z
76b9186f-e328-4dfe-83c5-c0fd79159862,Max Negation,Medium,Not Attempted,Amazon | 2024-oa,https://www.fastprep.io/problems/amazon-maximize-the-array-sum-after-negating-at-most-k-elements,javascript,,,2024-10-01T00:00:00.000Z
a38e649f-0b46-4327-96d8-eabdc969dfc0,Get Min Time,Medium,Not Attempted,Amazon | 2024-oa,https://www.fastprep.io/problems/amazon-get-min-time,javascript,,,2024-10-01T00:00:00.000Z
21a0d888-0791-498c-9de0-f84cc07c3538,Kth Smallest in Subarray,Medium,Not Attempted,Amazon | Arrays | 2024-oa,https://www.fastprep.io/problems/amazon-kth-smallest-in-subarray,javascript,,,2024-10-01T00:00:00.000Z
c49a05a4-0519-4065-a5f5-bb4734e94b8c,Get K Rep Value,Medium,Not Attempted,Amazon | 2024-oa,https://www.fastprep.io/problems/amazon-get-k-rep-value,javascript,,,2024-10-01T00:00:00.000Z
3e7af090-a8e8-4568-894f-4e3a31d21b2b,Get Max Pairs,Medium,Not Attempted,Amazon | 2024-oa,https://www.fastprep.io/problems/amazon-get-max-pairs,javascript,,,2024-10-01T00:00:00.000Z
b1c91602-1b6d-41ca-b4cf-d43d59bf03d2,Count Pairs,Easy,Not Attempted,Amazon | 2024-oa,https://www.fastprep.io/problems/amazon-count-pairs,javascript,,,2024-10-01T00:00:00.000Z
81ec179f-8d4d-4c0f-95b8-2947df8f8ca1,Channel Max Quality,Medium,Not Attempted,Amazon | 2024-oa,https://www.fastprep.io/problems/amazon-calculate-median-sum,javascript,,,2024-10-01T00:00:00.000Z
e9a53240-f585-4402-aaf6-8e471cdc5840,Num of Idle Robots 🐳,Medium,Not Attempted,Amazon | 2024-oa,https://www.fastprep.io/problems/amazon-num-idle-drives,javascript,,,2024-10-01T00:00:00.000Z
856d17e9-c314-4805-a942-14261b5b6801,Find Earliest Month,Easy,Not Attempted,Amazon | 2024-oa,https://www.fastprep.io/problems/amazon-find-earliest-month,javascript,,,2024-10-01T00:00:00.000Z
8f5b054c-d0fc-45c1-9e23-289e64c28fda,Get Min Errors,Medium,Not Attempted,Amazon | 2024-oa,https://www.fastprep.io/problems/amazon-get-min-errors,javascript,,,2024-10-01T00:00:00.000Z
d9134c04-c658-4021-868a-3b15297aecf4,Get Max Points from Sprints,Medium,Not Attempted,Amazon | 2024-oa,https://www.fastprep.io/problems/get-max-points-from-sprints,javascript,,,2024-10-01T00:00:00.000Z
b4a48677-945c-40dd-8a1a-ebbee6a3a455,Max Lucky Numbers,Medium,Not Attempted,Amazon | 2024-oa,https://www.fastprep.io/problems/max-lucky-numbers,javascript,,,2024-10-01T00:00:00.000Z
351dba0f-c94e-43ea-b1db-7e18f41137f4,Max Total Area,Medium,Not Attempted,Amazon | 2024-oa,https://www.fastprep.io/problems/amazon-get-max-total-area,javascript,,,2024-10-01T00:00:00.000Z
5762120e-e75b-4ce1-9488-f04b0a78e1ea,Minimum Operations to Make Array Elements Zero,Medium,Not Attempted,Amazon | Arrays | 2024-oa,https://www.fastprep.io/problems/amazon-minimum-operations-to-make-array-elements-zero,javascript,,,2024-10-01T00:00:00.000Z
fb9b51be-7fdb-49ff-8bc8-b48aa258ca69,Find Kth Minimum Vulnerability,Easy,Not Attempted,Amazon | 2024-oa,https://www.fastprep.io/problems/amazon-find-kth-minimum-vulnerability,javascript,,,2024-10-01T00:00:00.000Z
deb0d5d6-27cc-4dd2-ac1b-5fd2693c41c8,Max Aggregate Temp Change,Medium,Not Attempted,Amazon | 2024-oa,https://www.fastprep.io/problems/amazon-get-max-aggregate-temperature-change,javascript,,,2024-10-01T00:00:00.000Z
c3202ad0-b67d-45a0-8d25-03f456c15839,Merge Interval,Medium,Not Attempted,Amazon | 2024-oa,https://www.fastprep.io/problems/amazon-merge-intervals,javascript,,,2024-10-01T00:00:00.000Z
4faf3f48-cd01-4482-8f20-2ebd707f006d,Maximize Negative PNL Months,Medium,Not Attempted,Amazon | 2024-oa,https://www.fastprep.io/problems/amazon-maximize-negative-pnl_months,javascript,,,2024-10-01T00:00:00.000Z
60399392-d096-4522-80c7-408096142ee0,Reduce Gifts,Medium,Not Attempted,Amazon | 2024-oa,https://www.fastprep.io/problems/amazon-reduce-gifts,javascript,,,2024-10-01T00:00:00.000Z
d25c5cfa-e2ec-459d-8b09-779b336f9cbe,Count Faults (Faulty Binding 101 😁),Easy,Not Attempted,Amazon | 2024-oa,https://www.fastprep.io/problems/amazon-count-faults,javascript,,,2024-10-01T00:00:00.000Z
9af3947f-ed2d-407e-847b-260af5cfb80b,Find Max Num,Easy,Not Attempted,Amazon | 2024-oa,https://www.fastprep.io/problems/amazon-find-maximum-num,javascript,,,2024-10-01T00:00:00.000Z
07fce66a-471d-4348-a259-9f491661d7d1,Minimize Sum of Absolute Differences,Medium,Not Attempted,Amazon | 2024-oa,https://www.fastprep.io/problems/amazon-minimize-sum-of-absolute-differences,javascript,,,2024-10-01T00:00:00.000Z
e6b08e77-0720-402b-955b-9c559f47548c,Find Overlapping Times,Easy,Not Attempted,Amazon | 2024-oa,https://www.fastprep.io/problems/amazon-find-overlapping-times,javascript,,,2024-10-01T00:00:00.000Z
55194211-9053-4e8d-9b5a-8efb3051556a,Match Strings,Medium,Not Attempted,Amazon | Strings | 2024-oa,https://www.fastprep.io/problems/amazon-match-strings,javascript,,,2024-10-01T00:00:00.000Z
5a5a6877-6225-4b35-a171-5058087f8593,Num of Possible Unique Strings,Medium,Not Attempted,Amazon | Strings | 2024-oa,https://www.fastprep.io/problems/amazon-find-number-of-possible-unique-strings,javascript,,,2024-10-01T00:00:00.000Z
ca58a6b5-c21e-4995-b08f-6e59f9314931,Find Encrypted Password,Easy,Not Attempted,Amazon | 2024-oa,https://www.fastprep.io/problems/amazon-find-encrypted-password,javascript,,,2024-10-01T00:00:00.000Z
f1120acf-9b0d-404b-84cd-bc431dbd2ab3,Maximum Number of Balanced Shipments,Hard,Not Attempted,Amazon | 2024-oa,https://www.fastprep.io/problems/amazon-maximum-number-of-shipments,javascript,,,2024-10-01T00:00:00.000Z
5afccc88-ade3-4660-8ca9-dbbe2b12ede0,Lexicographically Smallest Palindrome Possible,Medium,Not Attempted,Amazon | Strings | Graphs | 2024-oa,https://www.fastprep.io/problems/amazon-lexicographically-smallest-palindrome-possible,javascript,,,2024-10-01T00:00:00.000Z
f59dd161-0a12-4994-b68e-4d5cf2ac0453,Find Min Pages Per Day,Easy,Not Attempted,Amazon | 2024-oa,https://www.fastprep.io/problems/find-minimum-pages-per-day,javascript,,,2024-10-01T00:00:00.000Z
10ee1f1a-1aa0-472c-a2e8-560fac6d4780,Ways to Group Parcels,Medium,Not Attempted,Amazon | 2024-oa,https://www.fastprep.io/problems/amazon-find-number-of-ways-to-group-parcels,javascript,,,2024-10-01T00:00:00.000Z
46df6ba2-5c4b-4492-80c4-61685ae4fa56,Find First Unique,Easy,Not Attempted,Amazon | 2024-oa,https://www.fastprep.io/problems/amazon-find-first-unique,javascript,,,2024-10-01T00:00:00.000Z
d718f9e5-30d1-4e72-82cd-dbe19a60a70f,Get Distinct Pairs,Medium,Not Attempted,Amazon | 2024-oa,https://www.fastprep.io/problems/amazon-get-distinct-pairs,javascript,,,2024-10-01T00:00:00.000Z
ee19b81a-a649-444e-a882-a9c1298cf0f5,Maxmimum Times Word Removed,Medium,Not Attempted,Amazon | 2024-oa,https://www.fastprep.io/problems/amazon-maximum-times-word-removed,javascript,,,2024-10-01T00:00:00.000Z
4ae83d99-a5cc-4191-8d86-0e151a82ec40,Reverse Binary String,Medium,Not Attempted,Amazon | Strings | 2024-oa,https://www.fastprep.io/problems/amazon-reverse-binary-string,javascript,,,2024-10-01T00:00:00.000Z
362f1542-214a-4d96-83d3-3ecea3acf66a,Maximum Solar Bulbs,Hard,Not Attempted,Amazon | 2024-oa,https://www.fastprep.io/problems/amazon-maximize-solar-powered-bulbs,javascript,,,2024-10-01T00:00:00.000Z
8b04ef27-a65b-4bdb-a46f-d7c4c1b3db14,Return Records,Medium,Not Attempted,Amazon | 2024-oa,https://www.fastprep.io/problems/amazon-return-records,javascript,,,2024-10-01T00:00:00.000Z
926b6515-d6fe-4f8d-8a61-7d96b4d1a296,Count Max Greyness,Easy,Not Attempted,Amazon | 2024-oa,https://www.fastprep.io/problems/amazon-get-max-grayness,javascript,,,2024-10-01T00:00:00.000Z
4229a492-a477-4c46-947d-c5d63e350fcd,Find Min Keypad Click Count (also for CN),Easy,Not Attempted,Amazon | 2024-oa,https://www.fastprep.io/problems/amazon-find-minimum-keypad-click-count,javascript,,,2024-10-01T00:00:00.000Z
12d1b1b7-784c-48a3-bdc5-6f353f2df848,Find Min Operations,Easy,Not Attempted,Amazon | 2024-oa,https://www.fastprep.io/problems/amazon-find-minimum-operations,javascript,,,2024-10-01T00:00:00.000Z
2380b4d9-3941-4771-8b01-94e0350ae0be,Make Power Non Decreasing,Medium,Not Attempted,Amazon | 2024-oa,https://www.fastprep.io/problems/amazon-make-power-non-decreasing,javascript,,,2024-10-01T00:00:00.000Z
6f6ca477-e685-48c6-b287-a1399ff9b37f,Get Max Racers,Medium,Not Attempted,Amazon | 2024-oa,https://www.fastprep.io/problems/amazon-get-max-racers,javascript,,,2024-10-01T00:00:00.000Z
7181407a-65f6-4740-bf80-cd550c2a200b,Get Min Num Moves,Medium,Not Attempted,Amazon | 2024-oa,https://www.fastprep.io/problems/amazon-get-min-num-moves,javascript,,,2024-10-01T00:00:00.000Z
89affa8c-7b71-43b6-9e63-16622144d73e,Count Distinct Passwords,Easy,Not Attempted,Amazon | 2024-oa,https://www.fastprep.io/problems/amazon-count-distinct-passwords,javascript,,,2024-10-01T00:00:00.000Z
3fa9ffce-7beb-45fc-a5af-71390f8bd334,Fortune Telling,Medium,Not Attempted,Amazon | 2024-oa,https://www.fastprep.io/problems/amazon-minimize-the-range,javascript,,,2024-10-01T00:00:00.000Z
15b144dd-794f-49e2-95ed-59883e80d194,Max User Traffic,Medium,Not Attempted,Amazon | 2024-oa,https://www.fastprep.io/problems/amazon-maximum-user-traffic,javascript,,,2024-10-01T00:00:00.000Z
7bed8742-0d61-465f-b398-16ee64a8290d,Find Min Trips,Easy,Not Attempted,Amazon | 2024-oa,https://www.fastprep.io/problems/amazon-find-min-trips,javascript,,,2024-10-01T00:00:00.000Z
561907c4-0222-42b3-94fd-80fd79d9a883,Sort Product Codes,Medium,Not Attempted,Amazon | Sorting | 2024-oa,https://www.fastprep.io/problems/amazon-sort-product-codes,javascript,,,2024-10-01T00:00:00.000Z
b49ecd52-0e81-44d9-a315-4f6667b17012,Find Recurring Name,Easy,Not Attempted,Amazon | 2024-oa,https://www.fastprep.io/problems/amazon-find-recurring-names,javascript,,,2024-10-01T00:00:00.000Z
9aa081b8-318b-455e-8b99-7daaac903a2c,Find Requests In Queue,Easy,Not Attempted,Amazon | Queue | 2024-oa,https://www.fastprep.io/problems/amazon-find-requests-in-queue,javascript,,,2024-10-01T00:00:00.000Z
b4761bda-acb6-4a7a-9d3c-3ac2c9cb707d,Find Largest Set of Onion Bags,Easy,Not Attempted,Amazon | 2024-oa,https://www.fastprep.io/problems/amazon-find-largest-set-of-onion-bags,javascript,,,2024-10-01T00:00:00.000Z
a4e847d1-ed13-4943-952a-991aa5e9f911,Minimum Total Errors,Medium,Not Attempted,Amazon | 2024-oa,https://www.fastprep.io/problems/amazon-min-errors,javascript,,,2024-10-01T00:00:00.000Z
f0676fe1-22c0-4e5f-a6c0-5cd545f2e44e,Get Longest Match,Medium,Not Attempted,Amazon | 2024-oa,https://www.fastprep.io/problems/amazon-get-longest-match,javascript,,,2024-10-01T00:00:00.000Z
878c8848-9c7c-4e50-bb66-ac121cb09816,Dropped Requests,Medium,Not Attempted,Amazon | 2024-oa,https://www.fastprep.io/problems/amazon-dropped-requests,javascript,,,2024-10-01T00:00:00.000Z
dc09c247-1eff-42f3-a3c4-883ad85bf546,Remove Anagrams,Medium,Not Attempted,Amazon | 2024-oa,https://www.fastprep.io/problems/amazon-remove-anagram,javascript,,,2024-10-01T00:00:00.000Z
a2d73bac-afe6-40aa-8929-19283a5b41c4,Find Unique Values,Easy,Not Attempted,Amazon | 2024-oa,https://www.fastprep.io/problems/amazon-find-unique-values,javascript,,,2024-10-01T00:00:00.000Z
e6584a3b-3cca-46df-9070-a7442ba06670,Find Maximum Maxima Count,Hard,Not Attempted,Amazon | 2024-oa,https://www.fastprep.io/problems/amazon-find-maximum-maximum-count,javascript,,,2024-10-01T00:00:00.000Z
895ab2fe-a28c-44b9-b736-5badc6342f6f,Execute Processes,Medium,Not Attempted,Amazon | 2024-oa,https://www.fastprep.io/problems/amazon-execute-processes,javascript,,,2024-10-01T00:00:00.000Z
f2fbcdc4-4555-495f-a112-f9bf4d2fab19,Number of Suitable Locations,Medium,Not Attempted,Amazon | 2024-oa,https://www.fastprep.io/problems/amazon-num-of-suitable-places,javascript,,,2024-10-01T00:00:00.000Z
884d2555-d59e-46b7-8217-80cf9666ca56,Group Students,Medium,Not Attempted,Amazon | 2024-oa,https://www.fastprep.io/problems/amazon-group-students,javascript,,,2024-10-01T00:00:00.000Z
8d240d45-ee39-4f2e-bd3d-fb097c362503,Maximum Final,Hard,Not Attempted,Amazon | 2024-oa,https://www.fastprep.io/problems/amazon-maximum-final,javascript,,,2024-10-01T00:00:00.000Z
201492c6-86ae-4350-8b13-96f93bbcf2f0,Get Pairs Count,Easy,Not Attempted,Amazon | 2024-oa,https://www.fastprep.io/problems/amazon-get-pairs-count,javascript,,,2024-10-01T00:00:00.000Z
d469da9d-0b2f-4d57-bfc8-eaefc84f580a,Get Discount Pairs,Easy,Not Attempted,Amazon | 2024-oa,https://www.fastprep.io/problems/get-discount-pairs,javascript,,,2024-10-01T00:00:00.000Z
0732095d-1d06-4fdb-8c42-fde013ede4d7,Rice Bags,Medium,Not Attempted,Amazon | 2024-oa,https://www.fastprep.io/problems/max-set-size,javascript,,,2024-10-01T00:00:00.000Z
c0c966c5-163c-411c-bfa4-03ae2387677f,Get Min Cost Data,Medium,Not Attempted,Amazon | 2024-oa,https://www.fastprep.io/problems/get-min-cost-data,javascript,,,2024-10-01T00:00:00.000Z
730cfdbd-ed02-4979-bef9-d00af15fa5a3,Count Maximum Profitable Groups,Hard,Not Attempted,Amazon | 2024-oa,https://www.fastprep.io/problems/count-maximum-profitable-groups,javascript,,,2024-10-01T00:00:00.000Z
46e2fc2e-60ba-46f4-925f-0b4efabab99c,Get Trucks for Items,Medium,Not Attempted,Amazon | 2024-oa,https://www.fastprep.io/problems/get-trucks-for-items,javascript,,,2024-10-01T00:00:00.000Z
4580fc83-a807-4038-82fd-6b26dae63e7a,Count Games Won By Group1 (AMZ CN),Easy,Not Attempted,Amazon | 2024-oa,https://www.fastprep.io/problems/amazon-how-many-games-did-the-team-win,javascript,,,2024-10-01T00:00:00.000Z
dfcd11e2-acf4-4433-831a-01f80308e256,Get Min Distance (AMZ CN),Medium,Not Attempted,Amazon | 2024-oa,https://www.fastprep.io/problems/amazon-find-minimum-dist,javascript,,,2024-10-01T00:00:00.000Z
87590739-484a-411d-9344-2156e360d714,Check Similar Passwords,Easy,Not Attempted,Amazon | 2024-oa,https://www.fastprep.io/problems/check-similar-passwords,javascript,,,2024-10-01T00:00:00.000Z
32c928f6-b289-4b9b-9aaa-79340ce31f49,Maximum Score in Balanced String,Hard,Not Attempted,Amazon | Strings | 2024-oa,https://www.fastprep.io/problems/maximum-score-in-balanced-string,javascript,,,2024-10-01T00:00:00.000Z
192ca773-fd27-4caf-975e-254c81a24124,Location of Data After Transfers,Medium,Not Attempted,Amazon | 2024-oa,https://www.fastprep.io/problems/location-of-data-after-transfers,javascript,,,2024-10-01T00:00:00.000Z
594feeaa-6d5d-4540-969e-c43b20fb1fec,Get Score Difference,Medium,Not Attempted,Amazon | 2024-oa,https://www.fastprep.io/problems/amz-get-score-difference,javascript,,,2024-10-01T00:00:00.000Z
3679f1f2-6671-4dc0-80c9-69232b5fa725,Get Success Value,Medium,Not Attempted,Amazon | 2024-oa,https://www.fastprep.io/problems/get-success-value,javascript,,,2024-10-01T00:00:00.000Z
a5eae305-eebe-40fc-89f9-587bcd21f351,Get Minimum Fruits,Medium,Not Attempted,Amazon | 2024-oa,https://www.fastprep.io/problems/get-minimum-fruits,javascript,,,2024-10-01T00:00:00.000Z
08fb2574-46a8-49aa-899a-55956f87db29,Erase Pairs,Medium,Not Attempted,Amazon | 2024-oa,https://www.fastprep.io/problems/erase-pairs,javascript,,,2024-10-01T00:00:00.000Z
37f92472-0fa5-425a-90bd-23bf264514c0,Cet Maximum Reward Points,Hard,Not Attempted,Amazon | 2024-oa,https://www.fastprep.io/problems/get-max-reward-points,javascript,,,2024-10-01T00:00:00.000Z
1f02d51e-49c6-4c03-98d1-4d37793d0383,Cet Mean Rank Count,Easy,Not Attempted,Amazon | 2024-oa,https://www.fastprep.io/problems/get-mean-rank-count,javascript,,,2024-10-01T00:00:00.000Z
efe6cc5a-5a22-4328-be79-9ebf64f0d2c0,Count Spikes,Easy,Not Attempted,Amazon | 2024-oa,https://www.fastprep.io/problems/count-spikes,javascript,,,2024-10-01T00:00:00.000Z
afe1de35-c63f-44b1-89cf-825f8bc68f56,Amazon Review Score,Medium,Not Attempted,Amazon | 2024-oa,https://www.fastprep.io/problems/amazon-review-score,javascript,,,2024-10-01T00:00:00.000Z
9a1f5ac5-7071-42ad-b93d-00232d492c91,Get Minimum Costs,Hard,Not Attempted,Amazon | 2024-oa,https://www.fastprep.io/problems/get-minimum-cost,javascript,,,2024-10-01T00:00:00.000Z
5c15b632-4ebc-475e-a304-a0c9e94d3fe2,Find Minimum Inefficiency,Easy,Not Attempted,Amazon | 2024-oa,https://www.fastprep.io/problems/find-minimum-inefficiency,javascript,,,2024-10-01T00:00:00.000Z
01673019-979a-425d-9a09-cb5240600c7a,Get Average Standing,Medium,Not Attempted,Amazon | 2024-oa,https://www.fastprep.io/problems/get-average-standing,javascript,,,2024-10-01T00:00:00.000Z
730e19b2-2cfc-414f-9cd7-12b0d1f344a7,Minimum Time Spent,Medium,Not Attempted,Amazon | 2024-oa,https://www.fastprep.io/problems/minimum-time-spent,javascript,,,2024-10-01T00:00:00.000Z
8cbe7dc1-8314-47f1-ae6a-8e554f4f1dce,Count Max Num Teams,Easy,Not Attempted,Amazon | 2024-oa,https://www.fastprep.io/problems/count-max-num-teams,javascript,,,2024-10-01T00:00:00.000Z
51794031-eb5a-422c-8348-1e322c8a8ead,Maximum Book Copies,Hard,Not Attempted,Amazon | 2024-oa,https://www.fastprep.io/problems/max-book-copies,javascript,,,2024-10-01T00:00:00.000Z
b7278090-b13b-49b2-981b-947f9880f8ca,Count Num Ways,Easy,Not Attempted,Amazon | 2024-oa,https://www.fastprep.io/problems/count-num-ways,javascript,,,2024-10-01T00:00:00.000Z
af397ec2-9b94-4337-a6bc-2538b10789a8,Get Priorities After Execution,Medium,Not Attempted,Amazon | 2024-oa,https://www.fastprep.io/problems/get-priorities-after-execution,javascript,,,2024-10-01T00:00:00.000Z
0b91d7ee-6937-437a-a8e7-b16ba6dac642,Warehouse Distribution,Medium,Not Attempted,Amazon | 2024-oa,https://www.fastprep.io/problems/warehouse-distribution,javascript,,,2024-10-01T00:00:00.000Z
5f03357a-072f-4848-88f2-d500ba65e952,For All Intents And Purposes Part 1 - Initilizing the System,Medium,Not Attempted,Stripe | 2024-oa,https://www.fastprep.io/problems/stripe-for-all-intents-and-purposes,javascript,,,2024-10-01T00:00:00.000Z
b3e5d5a3-c9e0-4a3b-8833-3f51ac9a2227,For All Intents And Purposes Part 2 - Change Is Good!,Medium,Not Attempted,Stripe | 2024-oa,https://www.fastprep.io/problems/stripe-for-all-intents-and-purposes-part2,javascript,,,2024-10-01T00:00:00.000Z
eb188b53-2cad-4d55-b8f6-4672830158f8,For All Intents And Purposes Part 3 - Accepting Failure,Medium,Not Attempted,Stripe | 2024-oa,https://www.fastprep.io/problems/stripe-for-all-intents-and-purposes-part3,javascript,,,2024-10-01T00:00:00.000Z
2730d129-c1d0-43b1-8fcd-506093200be6,For All Intents And Purposes Part 3 - Timing Matters,Medium,Not Attempted,Stripe | 2024-oa,https://www.fastprep.io/problems/stripe-for-all-intents-and-purposes-part4,javascript,,,2024-10-01T00:00:00.000Z
c2e15f98-4abc-4ebe-9353-3ea1483a3506,Min Obstacles to Allow Figure Fall,Medium,Not Attempted,Meta | Trees | 2024-oa,https://www.fastprep.io/problems/mt-minimum-obstacles-to-remove-to-allow-figure-fall,javascript,,,2024-10-01T00:00:00.000Z
bba5c52f-7235-452c-bb5f-ff21c3b4ccb1,Find How Many Subarrays Match the Pattern,Easy,Not Attempted,Meta | Arrays | 2024-oa,https://www.fastprep.io/problems/mt-find-how-many-subarrays-match-the-pattern,javascript,,,2024-10-01T00:00:00.000Z
09e09c67-181f-4f42-87a3-0c8bed83ea7c,Count Three Sisters,Easy,Not Attempted,Meta | 2024-oa,https://www.fastprep.io/problems/mt-count-three-sisters,javascript,,,2024-10-01T00:00:00.000Z
df6101eb-5dbc-40a5-9e6f-2ca9517da8ad,All About Cave,Medium,Not Attempted,Meta | 2024-oa,https://www.fastprep.io/problems/mt-cave,javascript,,,2024-10-01T00:00:00.000Z
ce764e83-26e8-46d2-9669-0194244b53c5,Combine Vectors(MLE),Medium,Not Attempted,Meta | 2024-oa,https://www.fastprep.io/problems/mt-combine-two-vectors-of-intervals,javascript,,,2024-10-01T00:00:00.000Z
eca48cf0-5b59-42eb-8934-710c27dcb578,Search Mysterious Grid,Medium,Not Attempted,Meta | 2024-oa,https://www.fastprep.io/problems/mt-search-myterious-grid,javascript,,,2024-10-01T00:00:00.000Z
5d3bff88-e962-49bf-b7af-4273da3f4739,Enumerating Narrative Sections,Medium,Not Attempted,Meta | 2024-oa,https://www.fastprep.io/problems/mt-enumerating-narrative-sections,javascript,,,2024-10-01T00:00:00.000Z
e2de2aab-c761-481f-a8c1-df736f02676e,Closest Landmark,Medium,Not Attempted,Meta | 2024-oa,https://www.fastprep.io/problems/mt-closest-land-mark,javascript,,,2024-10-01T00:00:00.000Z
5d950d71-6348-4b43-beb6-a2dd2d6d22be,Buses in a Bustling Town,Medium,Not Attempted,Meta | 2024-oa,https://www.fastprep.io/problems/mt-busting-town-buses,javascript,,,2024-10-01T00:00:00.000Z
1faa1608-3775-494c-a9d0-17d7a697b70e,Min Absolute Sum,Medium,Not Attempted,Google | 2024-oa,https://www.fastprep.io/problems/google-min-absolute-sum,javascript,,,2024-10-01T00:00:00.000Z
d7375e2e-c828-47d5-b681-4302f0761003,Num of Ways to Split Array,Medium,Not Attempted,Google | Arrays | 2024-oa,https://www.fastprep.io/problems/google-find-number-of-ways-to-split-array,javascript,,,2024-10-01T00:00:00.000Z
afddd1d5-dedc-4f67-87d8-1df98b6e3217,Min Moves,Medium,Not Attempted,Google | 2024-oa,https://www.fastprep.io/problems/google-focus-on-efficiency,javascript,,,2024-10-01T00:00:00.000Z
0e745234-5f52-4a56-8f52-9214509ab049,Largest Number Possible,Medium,Not Attempted,Google | 2024-oa,https://www.fastprep.io/problems/google-largest-number-possible,javascript,,,2024-10-01T00:00:00.000Z
49e25aea-ffed-4296-aa99-36f864bb4e5b,Transformation Steps,Medium,Not Attempted,Google | 2024-oa,https://www.fastprep.io/problems/google-array-transformation-steps,javascript,,,2024-10-01T00:00:00.000Z
676394d2-c171-488b-9a8c-efc55f0ed94a,Find Largest Number,Easy,Not Attempted,Google | 2024-oa,https://www.fastprep.io/problems/google-find-largest-number,javascript,,,2024-10-01T00:00:00.000Z
bf63bd9d-7e65-4489-ae20-75d38c3e15f3,Optimize Log Files,Medium,Not Attempted,Google | 2024-oa,https://www.fastprep.io/problems/google-optimize-log-files,javascript,,,2024-10-01T00:00:00.000Z
769e0478-34a2-4fd0-90b3-7ae6e16fb970,Min Num Moves,Medium,Not Attempted,Google | 2024-oa,https://www.fastprep.io/problems/google-minimum-number-of-moves-to-obtain,javascript,,,2024-10-01T00:00:00.000Z
56cc33e6-a7ac-4c35-a1c7-4134725c8654,Biggest Number of Digits,Medium,Not Attempted,Google | 2024-oa,https://www.fastprep.io/problems/google-biggest-number-of-digits,javascript,,,2024-10-01T00:00:00.000Z
324ad2d5-6552-4662-b33e-e453e0fb521e,Happy Neighbor,Medium,Not Attempted,Google | 2024-oa,https://www.fastprep.io/problems/google-happy-neighbor,javascript,,,2024-10-01T00:00:00.000Z
5644977d-8432-4986-bdbc-3a0654e13b53,Movie Bits to Right,Medium,Not Attempted,Google | 2024-oa,https://www.fastprep.io/problems/google-move-bits-to-right,javascript,,,2024-10-01T00:00:00.000Z
a842949f-db2b-4999-87e3-de25c8bc175e,Find Max Heart Rate Difference,Easy,Not Attempted,Google | 2024-oa,https://www.fastprep.io/problems/google-find-max-heart-rate-difference,javascript,,,2024-10-01T00:00:00.000Z
b3dfd46f-71f2-478e-9a51-ef956c257a26,Assign Locker,Medium,Not Attempted,Google | 2024-oa,https://www.fastprep.io/problems/google-assign-locker,javascript,,,2024-10-01T00:00:00.000Z
ab0b74bd-fc26-4465-a822-6cb62925ad83,Find Palindromes,Easy,Not Attempted,Google | Strings | 2024-oa,https://www.fastprep.io/problems/google-find-palindromes,javascript,,,2024-10-01T00:00:00.000Z
c6b7a950-aa75-4804-ad32-cea21f5c522a,Binary Palindromic,Medium,Not Attempted,Google | 2024-oa,https://www.fastprep.io/problems/google-minimum-operations-to-make-binary-palindromic,javascript,,,2024-10-01T00:00:00.000Z
1ff0c2f2-5628-4888-8069-c1b224a2e7ca,Max Num of Moves with Same Result Sum,Medium,Not Attempted,Google | 2024-oa,https://www.fastprep.io/problems/google-maximum-number-of-moves-with-same-result-sum,javascript,,,2024-10-01T00:00:00.000Z
dbc9e1c0-0b4f-4524-a70b-bfda54ee3711,Divide Tree Nodes,Medium,Not Attempted,Google | Trees | 2024-oa,https://www.fastprep.io/problems/divide-tree-nodes-google,javascript,,,2024-10-01T00:00:00.000Z
2a0872a7-2579-4874-81b3-0e626481327a,Find Consistent Logs,Easy,Not Attempted,Google | 2024-oa,https://www.fastprep.io/problems/google-find-consistent-logs,javascript,,,2024-10-01T00:00:00.000Z
cc392f31-0bd8-4965-aca7-52455745e188,Social Meida Friend Recommendation,Medium,Not Attempted,Google | 2024-oa,https://www.fastprep.io/problems/google-social-media-friend-recommendation,javascript,,,2024-10-01T00:00:00.000Z
0d4f398e-9a4d-4812-9d7b-610c814ba86b,Max Subarray Filled with Zeros,Medium,Not Attempted,Google | Arrays | 2024-oa,https://www.fastprep.io/problems/google-max-subarray-filled-with-zeros,javascript,,,2024-10-01T00:00:00.000Z
54a910cb-64c1-4117-ab6e-ec8c2095db0d,Find Last Characters,Easy,Not Attempted,Google | 2024-oa,https://www.fastprep.io/problems/google-find-last-character,javascript,,,2024-10-01T00:00:00.000Z
491644e5-a6fa-4d66-97b5-bd25da41d223,Largest Lexicographical Substring,Medium,Not Attempted,Google | Strings | Trees | Graphs | 2024-oa,https://www.fastprep.io/problems/google-largest-lexicographical-substring,javascript,,,2024-10-01T00:00:00.000Z
964670e9-8e19-4f80-af36-494dde935482,Maximize Power Values Sum,Medium,Not Attempted,Google | 2024-oa,https://www.fastprep.io/problems/google-maximize-power-values-sum,javascript,,,2024-10-01T00:00:00.000Z
2919c29f-4eb7-4ae9-8818-749ee63c205b,Min Amplitude,Medium,Not Attempted,Google | 2024-oa,https://www.fastprep.io/problems/google-min-amplitude,javascript,,,2024-10-01T00:00:00.000Z
cae9f7a3-b245-4dcd-977e-aab1a38a17db,Ways to Split a String,Medium,Not Attempted,Google | Strings | 2024-oa,https://www.fastprep.io/problems/google-number-of-ways-to-split-a-string,javascript,,,2024-10-01T00:00:00.000Z
c8bc60dc-9935-47e5-b104-6ddaa7a33eaa,Maximum Time,Hard,Not Attempted,Google | 2024-oa,https://www.fastprep.io/problems/google-maximum-time,javascript,,,2024-10-01T00:00:00.000Z
14636709-182f-4c45-af5e-a3985f6308c9,Min Ab Difference of Server Loads,Medium,Not Attempted,Google | 2024-oa,https://www.fastprep.io/problems/google-minimize-absolute-difference-of-server-loads,javascript,,,2024-10-01T00:00:00.000Z
cfa2f9d9-d83c-4a9e-b0ff-9b5cbad70e7f,Most Booked Hotel Room,Medium,Not Attempted,Google | 2024-oa,https://www.fastprep.io/problems/google-most-booked-hotel-room,javascript,,,2024-10-01T00:00:00.000Z
9eccbc0f-9c07-42a7-8d44-01fe7d9b91a8,Min Number of Chairs,Medium,Not Attempted,Google | 2024-oa,https://www.fastprep.io/problems/google-meeting-rooms-ii,javascript,,,2024-10-01T00:00:00.000Z
c8e43861-2900-4ec9-8508-65d4f39b8f53,Min Days to Bloom,Medium,Not Attempted,Google | 2024-oa,https://www.fastprep.io/problems/google-min-days-bouquets,javascript,,,2024-10-01T00:00:00.000Z
0abb5575-5d92-433b-9da6-fefff81bc343,Fill Matrix,Medium,Not Attempted,Google | Arrays | 2024-oa,https://www.fastprep.io/problems/google-fill-matrix,javascript,,,2024-10-01T00:00:00.000Z
2408d1ce-1f20-419f-8e73-9ecbb13fb60e,Time to Type a String,Medium,Not Attempted,Google | Strings | 2024-oa,https://www.fastprep.io/problems/google-single-row-keyboard,javascript,,,2024-10-01T00:00:00.000Z
94b96d31-2d7d-4d1f-810c-05a6c472969e,Decreasing Subsequences,Medium,Not Attempted,Google | DP | 2024-oa,https://www.fastprep.io/problems/google-split-array-into-consecutive-subsequences,javascript,,,2024-10-01T00:00:00.000Z
b2348001-1b9a-4cc8-8316-57dbe303e754,Max Distance,Medium,Not Attempted,Google | 2024-oa,https://www.fastprep.io/problems/google-pick-max-distance-pair,javascript,,,2024-10-01T00:00:00.000Z
af8008c0-acfe-495a-856b-1891a0d7d3aa,Stores and Houses,Medium,Not Attempted,Google | 2024-oa,https://www.fastprep.io/problems/google-find-closest-store,javascript,,,2024-10-01T00:00:00.000Z
067a14d0-f6da-4a4a-8559-98377c48525b,Find Min Distance to Furthest Node (Google Tokyo),Easy,Not Attempted,Google | 2024-oa,https://www.fastprep.io/problems/google-find-min-distance-to-farthest-node,javascript,,,2024-10-01T00:00:00.000Z
32fe41ee-ba3b-4437-89a8-968904e893a5,Pizza Shop (Google Tokyo),Medium,Not Attempted,Google | 2024-oa,https://www.fastprep.io/problems/google-closest-pizza-price,javascript,,,2024-10-01T00:00:00.000Z
b2202341-896c-408b-8f4a-affcade0cb45,Relative Sort (Google Singapore),Medium,Not Attempted,Google | Sorting | 2024-oa,https://www.fastprep.io/problems/google-minimum-swaps-to-make-sequences-increasing,javascript,,,2024-10-01T00:00:00.000Z
5c6b10cd-ca10-4e78-8623-67379a9286f3,Get Minimum Operations,Medium,Not Attempted,Adobe | 2024-oa,https://www.fastprep.io/problems/get-minimum-operations-adobe,javascript,,,2024-10-01T00:00:00.000Z
56d46ce8-cbf0-4469-b22b-d840a2cfb607,Find Maximum Greatness,Hard,Not Attempted,Twilio | 2024-oa,https://www.fastprep.io/problems/twilio-find-maximum-greatness,javascript,,,2024-10-01T00:00:00.000Z
a52276df-a982-4617-aafd-83c095475494,Count Groups,Easy,Not Attempted,Twilio | 2024-oa,https://www.fastprep.io/problems/twilio-count-groups,javascript,,,2024-10-01T00:00:00.000Z
143aed02-cca0-4051-9672-7ed92652c381,Count Balanced Clilps,Easy,Not Attempted,TikTok | 2024-oa,https://www.fastprep.io/problems/tiktok-count-balanced-clips,javascript,,,2024-10-01T00:00:00.000Z
097eb31e-2c3b-4eda-98b1-ef0a63061563,Server Network Optimizations,Medium,Not Attempted,TikTok | Graphs | 2024-oa,https://www.fastprep.io/problems/tiktok-server-network-optimization,javascript,,,2024-10-01T00:00:00.000Z
6a2b9394-188d-42be-a065-c9b14db56bf0,Max Engagement,Medium,Not Attempted,TikTok | 2024-oa,https://www.fastprep.io/problems/tiktok-maximize-engagement,javascript,,,2024-10-01T00:00:00.000Z
a3597c34-da45-4b8b-824e-e9e629297b2d,Find Max Squad Size,Easy,Not Attempted,TikTok | 2024-oa,https://www.fastprep.io/problems/tiktok-find-max-squad-size,javascript,,,2024-10-01T00:00:00.000Z
79c1ce8d-c200-42f6-a2f9-8498de2831f9,TikTok Server Optimization,Medium,Not Attempted,TikTok | 2024-oa,https://www.fastprep.io/problems/tiktok-optimize-tiktok-routes,javascript,,,2024-10-01T00:00:00.000Z
9921ec3b-4f30-45cf-ae79-b96edad3b503,Tiktok Viral Challenge,Medium,Not Attempted,TikTok | 2024-oa,https://www.fastprep.io/problems/tiktok-count-viral-combinations,javascript,,,2024-10-01T00:00:00.000Z
f44556b0-8797-4a38-8276-57460aa97de8,Optimize TikTok Reels Viewing,Medium,Not Attempted,TikTok | 2024-oa,https://www.fastprep.io/problems/tiktok-optimize-tiktok-watch-time,javascript,,,2024-10-01T00:00:00.000Z
415e6448-531a-43db-8274-dc751c9cca85,Get Min Total Cost,Medium,Not Attempted,TikTok | 2024-oa,https://www.fastprep.io/problems/tiktok-get-minimum-total-cost,javascript,,,2024-10-01T00:00:00.000Z
c2187055-18c7-437e-a433-dd0a4f88c963,Count Good Subsegments,Easy,Not Attempted,TikTok | 2024-oa,https://www.fastprep.io/problems/tiktok-count-good-subsegments,javascript,,,2024-10-01T00:00:00.000Z
6f99170c-fcc4-4e18-8df1-a0f4ceddb229,Get Min Cost,Medium,Not Attempted,TikTok | 2024-oa,https://www.fastprep.io/problems/tiktok-get-minimum-cost,javascript,,,2024-10-01T00:00:00.000Z
1377106e-b243-4521-ae92-f5112dbd9928,Viral Content Balancer,Medium,Not Attempted,TikTok | 2024-oa,https://www.fastprep.io/problems/tiktok-viral-content-balancer,javascript,,,2024-10-01T00:00:00.000Z
dad8500d-440e-4584-8412-6f8f884f73f2,Distribute Credits,Medium,Not Attempted,TikTok | 2024-oa,https://www.fastprep.io/problems/tiktok-can-distribute-credits,javascript,,,2024-10-01T00:00:00.000Z
11cfed9e-78e4-4ce5-bf7d-d6378e6fae60,Sort Social Media Feeds,Medium,Not Attempted,TikTok | Sorting | 2024-oa,https://www.fastprep.io/problems/tiktok-sort-social-media-feed,javascript,,,2024-10-01T00:00:00.000Z
7fad9ee6-0d36-458c-9476-f0df1fe063d7,Secondary Influencer,Medium,Not Attempted,TikTok | 2024-oa,https://www.fastprep.io/problems/tiktok-get-secondary-influencer-sum,javascript,,,2024-10-01T00:00:00.000Z
e27e1f64-550e-4686-9b1d-4f36f7bbe529,Maximize Efficiency Product,Medium,Not Attempted,TikTok | 2024-oa,https://www.fastprep.io/problems/tiktok-maximize-efficiency-product,javascript,,,2024-10-01T00:00:00.000Z
747516bb-83f5-4508-8892-beaa06054850,Substrings Without Vowels,Medium,Not Attempted,TikTok | Strings | Trees | 2024-oa,https://www.fastprep.io/problems/tiktok-number-of-substrings-without-vowels,javascript,,,2024-10-01T00:00:00.000Z
f93b29ae-4af8-4cd0-9169-28328b0294c4,Build URLs,Medium,Not Attempted,TikTok | 2024-oa,https://www.fastprep.io/problems/tiktok-build-url,javascript,,,2024-10-01T00:00:00.000Z
bf7c8007-3409-4e2c-83bc-193ffcc63bc7,Min Days to Target Engagement,Medium,Not Attempted,TikTok | 2024-oa,https://www.fastprep.io/problems/tiktok-min-days-to-target-engagement,javascript,,,2024-10-01T00:00:00.000Z
d2f39a3f-3da6-4b8c-9308-26a9f3c0ba92,Calculate Content Strength,Medium,Not Attempted,TikTok | 2024-oa,https://www.fastprep.io/problems/tiktok-calculate-content-strength,javascript,,,2024-10-01T00:00:00.000Z
cde80ec2-5de9-450a-892d-cd91c9859a79,Shared Categories,Medium,Not Attempted,TikTok | 2024-oa,https://www.fastprep.io/problems/tiktok-max-shared-categories,javascript,,,2024-10-01T00:00:00.000Z
cb455a45-2043-4cd2-b44c-6ded1c5244db,Find Min Transitions,Easy,Not Attempted,TikTok | 2024-oa,https://www.fastprep.io/problems/tiktok-find-minimum-transitions,javascript,,,2024-10-01T00:00:00.000Z
e517e0a3-6221-455d-a1e4-8eb13ee8b22c,Find Pair with Max GCD,Easy,Not Attempted,TikTok | 2024-oa,https://www.fastprep.io/problems/tiktok-find-pair-with-maximum-gcd,javascript,,,2024-10-01T00:00:00.000Z
c04c0703-1fc3-4fd1-86c3-e1b179961d2e,Get Optimal Content Storage,Hard,Not Attempted,TikTok | 2024-oa,https://www.fastprep.io/problems/tiktok-get-optimal-content-storage,javascript,,,2024-10-01T00:00:00.000Z
b64157f8-8b1a-4005-a00e-2896862254f9,Exchange Cups,Medium,Not Attempted,TikTok | 2024-oa,https://www.fastprep.io/problems/tiktok-exchange-cups,javascript,,,2024-10-01T00:00:00.000Z
dcae7f25-0bd5-4b9f-aecf-bb2f17917ff0,Eating Candies,Medium,Not Attempted,TikTok | 2024-oa,https://www.fastprep.io/problems/tiktok-eating-candies,javascript,,,2024-10-01T00:00:00.000Z
0e139392-a944-441d-97f1-abb37ed6ac8e,Find Good Subarray,Easy,Not Attempted,TikTok | Arrays | 2024-oa,https://www.fastprep.io/problems/tiktok-find-good-subarray,javascript,,,2024-10-01T00:00:00.000Z
99fddd50-3476-45d8-9dd4-698850bd097d,Card Packets,Medium,Not Attempted,TikTok | 2024-oa,https://www.fastprep.io/problems/tiktok-card-packets,javascript,,,2024-10-01T00:00:00.000Z
ae41101a-3552-4288-8289-75b7f79d5e09,Maximum Shown Segments,Hard,Not Attempted,TikTok | 2024-oa,https://www.fastprep.io/problems/tiktok-max-shown-segments,javascript,,,2024-10-01T00:00:00.000Z
a3756c64-9dc6-44a6-ba2b-1368bfa23c64,Server Investment,Medium,Not Attempted,TikTok | 2024-oa,https://www.fastprep.io/problems/tiktok-maximize-upgraded-servers,javascript,,,2024-10-01T00:00:00.000Z
0ec0088d-3a37-442f-ba58-834cf15d3c04,Auth System,Medium,Not Attempted,TikTok | 2024-oa,https://www.fastprep.io/problems/tiktok-get-unexpired-tokens,javascript,,,2024-10-01T00:00:00.000Z
75914deb-aa99-48c6-8cec-65a5e9a51932,Maximize Consecutive Dance Moves,Medium,Not Attempted,TikTok | 2024-oa,https://www.fastprep.io/problems/tiktok-maximize-consecutive-dance-moves,javascript,,,2024-10-01T00:00:00.000Z
75a8a7da-27d9-4cf4-9eee-e9abb52ea0ec,Minimum Buckets,Medium,Not Attempted,TikTok | 2024-oa,https://www.fastprep.io/problems/tiktok-minimum-buckets,javascript,,,2024-10-01T00:00:00.000Z
8c8006d4-2df9-42b7-b6ea-a51cab6e6c12,URL Hashing,Medium,Not Attempted,TikTok | Hashing | 2024-oa,https://www.fastprep.io/problems/tiktok-url-hashing,javascript,,,2024-10-01T00:00:00.000Z
29c515f7-7f20-4ed7-a7c5-24a4410ca4d3,Three Knights,Medium,Not Attempted,TikTok | 2024-oa,https://www.fastprep.io/problems/tiktok-find-the-number-of-possible-placements-for-the-three-knights,javascript,,,2024-10-01T00:00:00.000Z
b526c3d1-516f-46a2-b5cf-708f6d73ff16,Find min Inversions,Easy,Not Attempted,TikTok | 2024-oa,https://www.fastprep.io/problems/tiktok-find-min-inversions,javascript,,,2024-10-01T00:00:00.000Z
6e2b0401-1ec2-4a5d-aac6-37219fa8c385,Max Len,Medium,Not Attempted,TikTok | 2024-oa,https://www.fastprep.io/problems/tiktok-max-length,javascript,,,2024-10-01T00:00:00.000Z
fd7e2847-8c66-41d8-b8cb-ccbfa77735a9,Find Min Sum,Easy,Not Attempted,TikTok | 2024-oa,https://www.fastprep.io/problems/tiktok-find-minimum-sum,javascript,,,2024-10-01T00:00:00.000Z
d8d6603b-828f-4ede-82dd-847f8ba21606,Maximum Value,Hard,Not Attempted,TikTok | 2024-oa,https://www.fastprep.io/problems/tiktok-maximum-value,javascript,,,2024-10-01T00:00:00.000Z
84943449-720c-4dbe-81ff-4fa37a69b25a,Count Purchases,Easy,Not Attempted,TikTok | 2024-oa,https://www.fastprep.io/problems/tiktok-count-purchases,javascript,,,2024-10-01T00:00:00.000Z
1d9464e3-ddaa-47be-ab78-4ac638c2446d,Calculate Validity,Easy,Not Attempted,TikTok | 2024-oa,https://www.fastprep.io/problems/tiktok-calculate-validity,javascript,,,2024-10-01T00:00:00.000Z
d0181f2d-2c74-4fd8-b283-f8a798280cea,Segment Queries,Medium,Not Attempted,TikTok | 2024-oa,https://www.fastprep.io/problems/tiktok-segment-queries,javascript,,,2024-10-01T00:00:00.000Z
fbe71160-b56d-49eb-a3ef-ccb7cfb14f26,Minimum Cycles,Medium,Not Attempted,TikTok | 2024-oa,https://www.fastprep.io/problems/tiktok-minimum-cycles,javascript,,,2024-10-01T00:00:00.000Z
58b496e9-a133-42d1-ae69-34d99a0ac0ed,Stars and Bars,Medium,Not Attempted,TikTok | 2024-oa,https://www.fastprep.io/problems/tiktok-stars-and-bars,javascript,,,2024-10-01T00:00:00.000Z
d53f2dc7-402b-4d11-b514-3f3a1edb6347,Longest OR,Medium,Not Attempted,TikTok | 2024-oa,https://www.fastprep.io/problems/tiktok-longest-or,javascript,,,2024-10-01T00:00:00.000Z
dce64845-d44c-4a85-a29c-86f783443109,Get Server Index,Medium,Not Attempted,TikTok | 2024-oa,https://www.fastprep.io/problems/tiktok-get-server-index,javascript,,,2024-10-01T00:00:00.000Z
34211757-7cfe-4558-be32-6a503e8efdf0,Min Diff,Medium,Not Attempted,Oracle | 2024-oa,https://www.fastprep.io/problems/oracle-find-circle-num,javascript,,,2024-10-01T00:00:00.000Z
f90b395c-cb12-4adb-96b9-cd00ea0cee21,Create Largest Permutation,Medium,Not Attempted,Oracle | Sorting | 2024-oa,https://www.fastprep.io/problems/oracle-create-lexicographically-largest-permutation,javascript,,,2024-10-01T00:00:00.000Z
24d4ec49-fc2c-4735-b864-44d66890dbbc,Balancing Parentheses,Medium,Not Attempted,Oracle | Stack | 2024-oa,https://www.fastprep.io/problems/oracle-balance-parentheses,javascript,,,2024-10-01T00:00:00.000Z
3b325728-e8cd-4c0c-960c-8e9ef23667a2,Last Letters,Medium,Not Attempted,Oracle | 2024-oa,https://www.fastprep.io/problems/oracle-last-letters,javascript,,,2024-10-01T00:00:00.000Z
19ed258b-82de-4275-bc14-4197ffa68f23,Reduction Cost,Medium,Not Attempted,Oracle | 2024-oa,https://www.fastprep.io/problems/oracle-reduction-cost,javascript,,,2024-10-01T00:00:00.000Z
ab7c2690-1b6d-4984-bd81-b1728b1b57bd,Merge Arrays,Medium,Not Attempted,Oracle | Arrays | 2024-oa,https://www.fastprep.io/problems/oracle-merge-arrays,javascript,,,2024-10-01T00:00:00.000Z
fbeefe94-684c-4177-b0eb-768260753fa3,Is Power,Medium,Not Attempted,Oracle | 2024-oa,https://www.fastprep.io/problems/oracle-is-power,javascript,,,2024-10-01T00:00:00.000Z
8b97701c-4505-4a3d-b0ea-7b7ea25dcdf4,Add Numbers,Medium,Not Attempted,Oracle | 2024-oa,https://www.fastprep.io/problems/oracle-add-numbers,javascript,,,2024-10-01T00:00:00.000Z
f6648829-f188-42cf-ba37-eba9f8b55f56,Get Discounted Price,Easy,Not Attempted,Oracle | 2024-oa,https://www.fastprep.io/problems/oracle-get-discounted-price,javascript,,,2024-10-01T00:00:00.000Z
f9818156-911e-489a-bb47-3683abe10bd8,Cardinality Sort,Medium,Not Attempted,Oracle | Sorting | 2024-oa,https://www.fastprep.io/problems/oracle-cardinality-sort,javascript,,,2024-10-01T00:00:00.000Z
9c517d7e-470b-421f-9dd4-946af2f234b6,Update Release Scheduler,Medium,Not Attempted,Akuna | 2024-oa,https://www.fastprep.io/problems/akuna-update-release-scheduler,javascript,,,2024-10-01T00:00:00.000Z
142b72dd-bcf6-4e66-8b06-7f3e6b6085f1,Delivery Management System,Medium,Not Attempted,Akuna | 2024-oa,https://www.fastprep.io/problems/akuna-delivery-management-system,javascript,,,2024-10-01T00:00:00.000Z
82d505eb-90d3-41fb-88af-77b8c5ffe7f2,Array Challenge,Medium,Not Attempted,Akuna | Arrays | 2024-oa,https://www.fastprep.io/problems/akuna-array-challenge,javascript,,,2024-10-01T00:00:00.000Z
bf3d8a15-1174-4ec2-945b-54b505d753f3,Itens Sort,Medium,Not Attempted,Akuna | Sorting | 2024-oa,https://www.fastprep.io/problems/akuna-items-sort,javascript,,,2024-10-01T00:00:00.000Z
7bf916f8-8b0e-496e-bd12-51e74b4f6ecd,Get Probability,Medium,Not Attempted,Akuna | 2024-oa,https://www.fastprep.io/problems/akuna-get-probability,javascript,,,2024-10-01T00:00:00.000Z
88c32e74-fe47-4fce-bc3f-badef32f5e26,Movie Ratings,Medium,Not Attempted,Akuna | 2024-oa,https://www.fastprep.io/problems/akuna-maximize-ratings,javascript,,,2024-10-01T00:00:00.000Z
b53a5bec-921b-424d-ac9e-676674c89ebb,Get Max Cost,Medium,Not Attempted,Akuna | 2024-oa,https://www.fastprep.io/problems/akuna-get-max-cost,javascript,,,2024-10-01T00:00:00.000Z
74b30f46-9562-459c-8880-c7cb8cbc76ae,Get String,Medium,Not Attempted,Akuna | Strings | 2024-oa,https://www.fastprep.io/problems/akuna-get-substring,javascript,,,2024-10-01T00:00:00.000Z
07656c9a-d57a-409a-a405-5447ae8c7a6d,Movie Marathon,Medium,Not Attempted,Akuna | 2024-oa,https://www.fastprep.io/problems/akuna-longest-marathon,javascript,,,2024-10-01T00:00:00.000Z
8ea8ebc0-1c9e-41b1-90b3-457963a96dce,Min Operations,Medium,Not Attempted,Akuna | 2024-oa,https://www.fastprep.io/problems/akuna-minimal-operations,javascript,,,2024-10-01T00:00:00.000Z
99dd98ab-9909-45ea-8b3d-ea4bbe6d8f90,Maximize Segregation Cost,Medium,Not Attempted,Akuna | 2024-oa,https://www.fastprep.io/problems/akuna-maximize-segregation-cost,javascript,,,2024-10-01T00:00:00.000Z
dba4c212-d879-4119-830c-3c6fa18aa936,Maximum Amount of Profit,Hard,Not Attempted,Akuna | 2024-oa,https://www.fastprep.io/problems/akuna-maximum-amount-of-profit,javascript,,,2024-10-01T00:00:00.000Z
7d45aa88-e14b-407b-a369-9b606e7c1aa8,Max Meetings,Medium,Not Attempted,Akuna | 2024-oa,https://www.fastprep.io/problems/akuna-max-meetings,javascript,,,2024-10-01T00:00:00.000Z
111cb610-d984-4845-a3ae-7b1723ccd318,Min Cost (Akuna Shang Hai),Medium,Not Attempted,Akuna | 2024-oa,https://www.fastprep.io/problems/akuna-min-cost,javascript,,,2024-10-01T00:00:00.000Z
81acfbb6-05ac-4933-849a-7fc35e94fc48,Minimum Chunks Required (Akuna Shang Hai),Medium,Not Attempted,Akuna | 2024-oa,https://www.fastprep.io/problems/akuna-minimum-chunks-required,javascript,,,2024-10-01T00:00:00.000Z
a3db4185-1442-43a2-9855-1c3be2eb33c2,Diffierence Calculator (Akuna Shang Hai),Medium,Not Attempted,Akuna | 2024-oa,https://www.fastprep.io/problems/akuna-difference-calculator,javascript,,,2024-10-01T00:00:00.000Z
84109ba5-1e21-4305-a133-3e88810b2752,Get Min Operations,Medium,Not Attempted,Citadel | 2024-oa,https://www.fastprep.io/problems/citadel-get-min-operations,javascript,,,2024-10-01T00:00:00.000Z
149942fa-8458-44c7-92ae-ab6673c018c4,Count Stable Segments,Easy,Not Attempted,Citadel | 2024-oa,https://www.fastprep.io/problems/citadel-count-stable-segments,javascript,,,2024-10-01T00:00:00.000Z
7d8bd82b-e30a-49e1-85e8-48b5a6c13c55,Find Consistent Logs,Easy,Not Attempted,Citadel | 2024-oa,https://www.fastprep.io/problems/citadel-find-consistent-logs,javascript,,,2024-10-01T00:00:00.000Z
12d3e792-90a7-4cc8-af16-05258b24ca78,Get Max Throughput,Medium,Not Attempted,Citadel | 2024-oa,https://www.fastprep.io/problems/citadel-get-max-throughput,javascript,,,2024-10-01T00:00:00.000Z
5390755b-b060-48bb-a9b4-f59394fb7faf,Get Recommended Friends,Medium,Not Attempted,Citadel | 2024-oa,https://www.fastprep.io/problems/citadel-get-recommended-friends,javascript,,,2024-10-01T00:00:00.000Z
9d7cc302-892e-4cc5-94bd-0417aa64b94e,Min Equal Sum,Medium,Not Attempted,Citadel | 2024-oa,https://www.fastprep.io/problems/citadel-find-minimum-equal-sum,javascript,,,2024-10-01T00:00:00.000Z
d9f47fe3-d54c-419c-9417-3b00f3d40194,Max the Lottery ID,Medium,Not Attempted,Citadel | 2024-oa,https://www.fastprep.io/problems/citadel-maximize-the-lottery-id,javascript,,,2024-10-01T00:00:00.000Z
54261bb7-37a2-4d5a-8c50-87d5baf7a0a8,Sepcial Nodes,Medium,Not Attempted,Citadel | 2024-oa,https://www.fastprep.io/problems/is-special,javascript,,,2024-10-01T00:00:00.000Z
cd883aaf-c305-45dd-b7f3-06ab911f1c02,First Lady of Software,Medium,Not Attempted,Citadel | 2024-oa,https://www.fastprep.io/problems/find-number-of-ways,javascript,,,2024-10-01T00:00:00.000Z
4bd5c1e4-44e9-46b6-b8b3-97d4117e2481,Number of Moves,Medium,Not Attempted,Citadel | 2024-oa,https://www.fastprep.io/problems/min-moves,javascript,,,2024-10-01T00:00:00.000Z
a1958959-cd92-4be6-bedb-20da200ee0d7,Prime Factor Visitation,Medium,Not Attempted,Citadel | 2024-oa,https://www.fastprep.io/problems/prime-factor-visitation,javascript,,,2024-10-01T00:00:00.000Z
4dd546ec-99bd-4187-8a57-f37dc16676df,Hacker's Team,Medium,Not Attempted,Citadel | 2024-oa,https://www.fastprep.io/problems/hackers-team,javascript,,,2024-10-01T00:00:00.000Z
442bbf71-6e0f-474a-a226-e06b6fae6c73,Get Maximum Power,Hard,Not Attempted,Citadel | 2024-oa,https://www.fastprep.io/problems/get-maximum-power,javascript,,,2024-10-01T00:00:00.000Z
e82860d2-935b-4139-b67b-aaca2cded671,Triplets,Medium,Not Attempted,Citadel | 2024-oa,https://www.fastprep.io/problems/citadel-triplets,javascript,,,2024-10-01T00:00:00.000Z
54a30fd0-1e0c-41e8-bcf9-273600664e48,Fishing,Medium,Not Attempted,ZipRecruiter | 2024-oa,https://www.fastprep.io/problems/ziprecruiter-caught-fish,javascript,,,2024-10-01T00:00:00.000Z
085d6bee-725a-4fe1-a275-6ce95079bbd5,Lamp and Control Points,Medium,Not Attempted,ZipRecruiter | 2024-oa,https://www.fastprep.io/problems/ziprecruiter-lamp-and-control-points,javascript,,,2024-10-01T00:00:00.000Z
b6721f7c-ed13-4499-9695-1b7b78eed91e,Coder Writing,Medium,Not Attempted,ZipRecruiter | 2024-oa,https://www.fastprep.io/problems/ziprecruiter-coder-writing,javascript,,,2024-10-01T00:00:00.000Z
604763f2-918f-4e45-8d65-13f123cb8e94,Count Triple,Easy,Not Attempted,ZipRecruiter | 2024-oa,https://www.fastprep.io/problems/ziprecruiter-count-triple,javascript,,,2024-10-01T00:00:00.000Z
0804368b-660e-4e12-af7b-1e5252ec86d5,Cycle Shift,Medium,Not Attempted,ZipRecruiter | 2024-oa,https://www.fastprep.io/problems/ziprecruiter-cycle-shift,javascript,,,2024-10-01T00:00:00.000Z
2e440355-546e-4db5-831a-56c203399e00,Count Distinct Swappable Digit Pairs,Easy,Not Attempted,ZipRecruiter | 2024-oa,https://www.fastprep.io/problems/ziprecruiter-count-distinct-swappable-digit-pairs,javascript,,,2024-10-01T00:00:00.000Z
586c4a3c-e62a-4d0d-8337-71c19474aabe,Time Travel,Medium,Not Attempted,ZipRecruiter | 2024-oa,https://www.fastprep.io/problems/ziprecruiter-time-travel,javascript,,,2024-10-01T00:00:00.000Z
d4742d5c-002d-4134-9892-5e31bed840cb,Exclusive Event Entry,Medium,Not Attempted,ZipRecruiter | 2024-oa,https://www.fastprep.io/problems/ziprecruiter-exclusive-event-entry,javascript,,,2024-10-01T00:00:00.000Z
a2b5821a-5d3f-44d0-9b7a-53a26f333189,Distribute Integers Between Arrays,Medium,Not Attempted,ZipRecruiter | Arrays | 2024-oa,https://www.fastprep.io/problems/ziprecruiter-disctribute-integers-between-arrays,javascript,,,2024-10-01T00:00:00.000Z
c6043a6c-b1c9-4b5e-b704-a9a5b011195d,Make Arrays Equal,Medium,Not Attempted,Mathwork | Arrays | 2024-oa,https://www.fastprep.io/problems/mathwork-make-arrays-equal,javascript,,,2024-10-01T00:00:00.000Z
5a7bf2c2-ddf9-4ea4-ac74-e7d6098b73ba,Good Strings,Medium,Not Attempted,Mathwork | Strings | 2024-oa,https://www.fastprep.io/problems/mathwork-good-strings,javascript,,,2024-10-01T00:00:00.000Z
c310002d-5d73-466a-9b73-b9487867cdc2,Cars Left,Medium,Not Attempted,Mathwork | 2024-oa,https://www.fastprep.io/problems/mathwork-cars-left,javascript,,,2024-10-01T00:00:00.000Z
94dc566c-aafa-48d1-b11a-83285bd49ab1,Max Operations,Medium,Not Attempted,Mathwork | 2024-oa,https://www.fastprep.io/problems/mathwork-maximum-number-of-operations-on-string,javascript,,,2024-10-01T00:00:00.000Z
29c4b3ce-0a5e-40a5-9701-a996a91b840e,Max Even Sum Subsequence,Medium,Not Attempted,Mathwork | DP | 2024-oa,https://www.fastprep.io/problems/mathwork-maximum-even-sum-subsequence,javascript,,,2024-10-01T00:00:00.000Z
0239e1f6-8a46-4e5c-b83b-b35b3031106b,Find Min Possible Size,Easy,Not Attempted,Mathwork | 2024-oa,https://www.fastprep.io/problems/mathwork-find-minimum-possible-size,javascript,,,2024-10-01T00:00:00.000Z
873819b0-cbdf-4d3e-a722-d70341de365f,Max Beauty,Medium,Not Attempted,Mathwork | 2024-oa,https://www.fastprep.io/problems/mathwork-maximize-beauty,javascript,,,2024-10-01T00:00:00.000Z
7377cba8-d6e3-4020-ac96-f621af293eaf,Investable Periods,Medium,Not Attempted,Mathwork | 2024-oa,https://www.fastprep.io/problems/mathwork-count-investable-periods,javascript,,,2024-10-01T00:00:00.000Z
9972728a-c65a-4d0d-9959-4c06492ce1b6,Load Balancing,Medium,Not Attempted,Mathwork | 2024-oa,https://www.fastprep.io/problems/mathwork-load-balancing,javascript,,,2024-10-01T00:00:00.000Z
414dc28d-a667-49e5-9d83-2cad96697723,Count Valid Passwords,Easy,Not Attempted,Mathwork | 2024-oa,https://www.fastprep.io/problems/mathwork-count-valid-passwords,javascript,,,2024-10-01T00:00:00.000Z
cb84876a-ad9f-468d-adbd-b07323ef7874,Get Maximum Reward Points,Hard,Not Attempted,Mathwork | 2024-oa,https://www.fastprep.io/problems/mathwork-get-maximum-reward-points,javascript,,,2024-10-01T00:00:00.000Z
498657bb-ed7c-4e07-8a82-97acf07966ab,Get Maximum Sum,Hard,Not Attempted,Snowflake | 2024-oa,https://www.fastprep.io/problems/snowflake-get-maximum-sum,javascript,,,2024-10-01T00:00:00.000Z
e22bf558-18c7-4862-a298-9ba4b067ceab,Closest Squared Distance,Medium,Not Attempted,Snowflake | 2024-oa,https://www.fastprep.io/problems/snowflake-closest-squared-distance,javascript,,,2024-10-01T00:00:00.000Z
b7f0bd3b-aced-44e7-b075-621e00888faa,Minimum Segment,Medium,Not Attempted,Snowflake | 2024-oa,https://www.fastprep.io/problems/snowflake-minimum-division,javascript,,,2024-10-01T00:00:00.000Z
11fabc8b-df08-4e9e-ac85-cef406027669,Search Strings,Medium,Not Attempted,Snowflake | Strings | 2024-oa,https://www.fastprep.io/problems/snowflake-get-maximum-removals,javascript,,,2024-10-01T00:00:00.000Z
ceb27636-e73a-42b7-87a1-6aa6e3cc389f,Airport Limousine,Medium,Not Attempted,Snowflake | 2024-oa,https://www.fastprep.io/problems/snowflake-maximum-passengers-collected,javascript,,,2024-10-01T00:00:00.000Z
a0ea871f-a771-4802-b792-0e9227b59433,Task Master,Medium,Not Attempted,Snowflake | 2024-oa,https://www.fastprep.io/problems/snowflake-tasks,javascript,,,2024-10-01T00:00:00.000Z
e7dfefa3-2b76-4adb-a85a-f5b098c0f533,Max Freq Substr,Medium,Not Attempted,Snowflake | Trees | 2024-oa,https://www.fastprep.io/problems/snowflake-max-freq-substr,javascript,,,2024-10-01T00:00:00.000Z
405430d7-d33b-4883-a673-9555d34ac22d,Meeting Time,Medium,Not Attempted,Snowflake | 2024-oa,https://www.fastprep.io/problems/snowflake-get-earliest-meet-time,javascript,,,2024-10-01T00:00:00.000Z
4f977979-2038-4e1f-9377-18187215beb8,Max Beautiful Substrings,Medium,Not Attempted,Snowflake | Strings | Trees | 2024-oa,https://www.fastprep.io/problems/snowflake-get-max-beautiful-substrings,javascript,,,2024-10-01T00:00:00.000Z
302288be-6d28-4873-8868-ae2ddf1a1420,Efficient Deployments,Medium,Not Attempted,Snowflake | 2024-oa,https://www.fastprep.io/problems/snowflake-efficient-deployments,javascript,,,2024-10-01T00:00:00.000Z
b7a3413b-b822-4c0b-921d-a0622a19ea53,Radio waves,Medium,Not Attempted,Snowflake | 2024-oa,https://www.fastprep.io/problems/snowflake-radio-waves,javascript,,,2024-10-01T00:00:00.000Z
837daaa2-f776-455a-991e-9daae1824539,Get Num Ways,Medium,Not Attempted,Snowflake | 2024-oa,https://www.fastprep.io/problems/snowflake-get-num-ways,javascript,,,2024-10-01T00:00:00.000Z
530bf92c-f8c8-4001-9c18-e5b0a0ad1371,Find Maximum Number Live Threads,Hard,Not Attempted,Snowflake | 2024-oa,https://www.fastprep.io/problems/snowflake-find-maximum-number-live-threads,javascript,,,2024-10-01T00:00:00.000Z
c770b914-d2be-44d7-ad97-d8eca5af2dff,Max Efficiency,Medium,Not Attempted,Snowflake | 2024-oa,https://www.fastprep.io/problems/snowflake-efficient-deployments,javascript,,,2024-10-01T00:00:00.000Z
27519b76-27e2-4774-9dee-d7ee46adfa1d,Array Reduction Algorithm,Medium,Not Attempted,Snowflake | Arrays | 2024-oa,https://www.fastprep.io/problems/snowflake-array-reduction-algorithm,javascript,,,2024-10-01T00:00:00.000Z
da2c4c45-6e7c-49fb-82cf-0ff2c3f04c9a,Count Ways to Color Houses,Easy,Not Attempted,Snowflake | 2024-oa,https://www.fastprep.io/problems/snowflake-count-ways-to-color-houses,javascript,,,2024-10-01T00:00:00.000Z
06b518a9-c75b-475e-97ef-50dcd93a6b9c,Count Min Characters,Easy,Not Attempted,Snowflake | 2024-oa,https://www.fastprep.io/problems/snowflake-count-minimum-characters,javascript,,,2024-10-01T00:00:00.000Z
702d5923-c2e2-45a9-95a7-0294b3bc0281,Get Max Upgraded Servers,Medium,Not Attempted,Snowflake | 2024-oa,https://www.fastprep.io/problems/snowflake-get-max-upgraded-servers,javascript,,,2024-10-01T00:00:00.000Z
595abb83-c764-4e14-ad43-ea5bc5fe7a1a,Efficient Cost,Medium,Not Attempted,Snowflake | 2024-oa,https://www.fastprep.io/problems/snowflake-efficient-cost,javascript,,,2024-10-01T00:00:00.000Z
191e5364-bfa3-48c5-9218-42c126934f21,String Formation,Medium,Not Attempted,Snowflake | Strings | 2024-oa,https://www.fastprep.io/problems/num-ways,javascript,,,2024-10-01T00:00:00.000Z
c812d5cd-689e-4d61-b373-d8fab4805016,Smallest Set Covering Intervals,Medium,Not Attempted,Snowflake | 2024-oa,https://www.fastprep.io/problems/smallest-set-covering-intervals,javascript,,,2024-10-01T00:00:00.000Z
458e71d9-b6c3-4598-90b0-eab5251a87bb,Maximum Order Volume,Hard,Not Attempted,Snowflake | 2024-oa,https://www.fastprep.io/problems/phone-calls,javascript,,,2024-10-01T00:00:00.000Z
0a05eeb5-629c-4cda-ad1e-4c259b8ddb39,Unequal Elements,Medium,Not Attempted,Snowflake | 2024-oa,https://www.fastprep.io/problems/find-max-length,javascript,,,2024-10-01T00:00:00.000Z
025719f3-afcc-43ae-b5b7-2a0b4b1c2991,Job Execution,Medium,Not Attempted,Snowflake | 2024-oa,https://www.fastprep.io/problems/get-minimum-operations,javascript,,,2024-10-01T00:00:00.000Z
ea74cf96-2309-4d91-a1cf-6dd5e71bc0ec,Perfect Pairs,Medium,Not Attempted,Snowflake | 2024-oa,https://www.fastprep.io/problems/perfect-pairs,javascript,,,2024-10-01T00:00:00.000Z
cf42ac08-c17f-4a57-a42b-fac85757662a,Cross the Threshold,Medium,Not Attempted,Snowflake | 2024-oa,https://www.fastprep.io/problems/get-max-barrier,javascript,,,2024-10-01T00:00:00.000Z
48804748-6ff3-4ae6-a5e4-1dfa5337a02b,Get Min Cost,Medium,Not Attempted,Snowflake | 2024-oa,https://www.fastprep.io/problems/hackerland-get-min-cost,javascript,,,2024-10-01T00:00:00.000Z
a947eb38-f806-454d-b719-51deca917640,String Patterns,Medium,Not Attempted,Snowflake | Strings | 2024-oa,https://www.fastprep.io/problems/calculate-ways,javascript,,,2024-10-01T00:00:00.000Z
5c19c9b6-3e00-4100-813f-adbd52a0e723,Get Min Moves,Medium,Not Attempted,Goldman Sachs | 2024-oa,https://www.fastprep.io/problems/goldman-get-minimum-moves,javascript,,,2024-10-01T00:00:00.000Z
a43cafc8-b47e-49c0-95e3-ba8069a27052,Alphanumeric Combinations,Medium,Not Attempted,Goldman Sachs | 2024-oa,https://www.fastprep.io/problems/goldman-alphanumeric-combinations,javascript,,,2024-10-01T00:00:00.000Z
2f63555c-ea1f-48b4-b38c-54b57f184205,Find Niceness,Easy,Not Attempted,Goldman Sachs | 2024-oa,https://www.fastprep.io/problems/goldman-find-niceness,javascript,,,2024-10-01T00:00:00.000Z
28b32d0e-9ce2-4d1c-944c-49acc1762266,Min Start Value,Medium,Not Attempted,Goldman Sachs | 2024-oa,https://www.fastprep.io/problems/goldman-min-start,javascript,,,2024-10-01T00:00:00.000Z
58a2b0f1-0cb8-4a47-ab61-da1be10262a2,Compute Parameter Value,Medium,Not Attempted,Goldman Sachs | 2024-oa,https://www.fastprep.io/problems/compute-parameter-value,javascript,,,2024-10-01T00:00:00.000Z
9fdd2ca6-9efc-40ff-a756-8ff9d7ae906a,Max Min,Medium,Not Attempted,Goldman Sachs | 2024-oa,https://www.fastprep.io/problems/max-min,javascript,,,2024-10-01T00:00:00.000Z
c6a4af5f-db02-4f9d-ace3-f338eb1ed35a,Chair Requirements,Medium,Not Attempted,Goldman Sachs | 2024-oa,https://www.fastprep.io/problems/goldman-min-chair,javascript,,,2024-10-01T00:00:00.000Z
0705a755-51e0-45ee-8c2f-8f9f79d135c5,Autocorrect Prototype,Medium,Not Attempted,Goldman Sachs | 2024-oa,https://www.fastprep.io/problems/autocorrect-prototype,javascript,,,2024-10-01T00:00:00.000Z
14aaf299-e370-4db9-83f7-7a938eefeb23,Do They Belong?,Medium,Not Attempted,Goldman Sachs | 2024-oa,https://www.fastprep.io/problems/points-belong,javascript,,,2024-10-01T00:00:00.000Z
c8a55397-2a50-4f8f-9099-2c1b904c1349,Preprocess Dates,Medium,Not Attempted,Goldman Sachs | 2024-oa,https://www.fastprep.io/problems/preprocess-date,javascript,,,2024-10-01T00:00:00.000Z
fec51cdf-b555-48c2-bb61-2bdcda1a7d0e,Compare Strings,Medium,Not Attempted,Goldman Sachs | Strings | 2024-oa,https://www.fastprep.io/problems/compare-strings,javascript,,,2024-10-01T00:00:00.000Z
c8ee8676-b525-4967-9515-217e6cc28d00,Plus Mult Array,Medium,Not Attempted,Goldman Sachs | Arrays | 2024-oa,https://www.fastprep.io/problems/plus-mult-array,javascript,,,2024-10-01T00:00:00.000Z
f6d51905-7599-4435-bcdb-585e2ca752c0,Better Compression,Medium,Not Attempted,Goldman Sachs | 2024-oa,https://www.fastprep.io/problems/better-compression,javascript,,,2024-10-01T00:00:00.000Z
691c005c-b1fe-4785-983d-df71f39d6aa0,Count Palindromes,Easy,Not Attempted,Goldman Sachs | Strings | 2024-oa,https://www.fastprep.io/problems/count-palindromes,javascript,,,2024-10-01T00:00:00.000Z
876914cb-9bf3-4d8f-b96f-d82796b80025,Encircular,Medium,Not Attempted,Goldman Sachs | 2024-oa,https://www.fastprep.io/problems/encircular,javascript,,,2024-10-01T00:00:00.000Z
02d471f9-0a6c-4cf7-81c2-184e6a3e13cd,Project Estimates,Medium,Not Attempted,Goldman Sachs | 2024-oa,https://www.fastprep.io/problems/project-estimates,javascript,,,2024-10-01T00:00:00.000Z
6a39d630-7ff4-488c-85b9-648408aaddcf,Cutting Metal Surplux,Medium,Not Attempted,Goldman Sachs | 2024-oa,https://www.fastprep.io/problems/cutting-metal-surplus,javascript,,,2024-10-01T00:00:00.000Z
34e6f24a-330d-4e07-af3b-311d3d1924a9,Longest Subarray,Medium,Not Attempted,Goldman Sachs | Arrays | 2024-oa,https://www.fastprep.io/problems/longest-subarray,javascript,,,2024-10-01T00:00:00.000Z
e73d17ca-2628-48b3-95a8-994d9fef353f,Encryption Valididy,Easy,Not Attempted,Goldman Sachs | 2024-oa,https://www.fastprep.io/problems/encryption-validity,javascript,,,2024-10-01T00:00:00.000Z
6fb5d7d6-372e-40e6-abf8-615ecff9b965,Decoding String,Medium,Not Attempted,Goldman Sachs | Strings | 2024-oa,https://www.fastprep.io/problems/decoding-string,javascript,,,2024-10-01T00:00:00.000Z
3dce3d2d-a594-4d97-9745-0e19560fa1a8,Is Possible,Medium,Not Attempted,Goldman Sachs | 2024-oa,https://www.fastprep.io/problems/is-possible,javascript,,,2024-10-01T00:00:00.000Z
89578c8e-dbcc-40c8-a8c6-ba4a2feb98be,Count Teams,Easy,Not Attempted,IBM | 2024-oa,https://www.fastprep.io/problems/ibm-count-teams,javascript,,,2024-10-01T00:00:00.000Z
36ac9d07-8df3-4d0d-b915-17066024f9bb,Count Similar Pairs,Easy,Not Attempted,IBM | 2024-oa,https://www.fastprep.io/problems/ibm-count-similar-pairs,javascript,,,2024-10-01T00:00:00.000Z
29888f79-df0f-4bdb-8639-62e594a30384,Max Subject Number,Medium,Not Attempted,IBM | 2024-oa,https://www.fastprep.io/problems/ibm-max-subjects-number,javascript,,,2024-10-01T00:00:00.000Z
9ad02c48-13cd-4d78-baa3-3250601a3386,Maximum Efficiency,Hard,Not Attempted,IBM | 2024-oa,https://www.fastprep.io/problems/ibm-maximum-efficiency,javascript,,,2024-10-01T00:00:00.000Z
6174b894-f5d1-4c80-8021-230eaa898e71,Min Operations to Make All Elements Equal,Medium,Not Attempted,IBM | 2024-oa,https://www.fastprep.io/problems/ibm-minimum-operations-to-make-all-elements-equal,javascript,,,2024-10-01T00:00:00.000Z
6956c095-8227-486f-9895-5189f316a666,Get Minimum Operation Count,Easy,Not Attempted,IBM | 2024-oa,https://www.fastprep.io/problems/ibm-get-minimum-operation-count,javascript,,,2024-10-01T00:00:00.000Z
ab7f8cab-3081-4729-9190-4c3ff1936af6,Equalize Team Size,Medium,Not Attempted,IBM | 2024-oa,https://www.fastprep.io/problems/ibm-equalize-team-size,javascript,,,2024-10-01T00:00:00.000Z
be271e14-cea6-4a9a-8d67-6ffd56edf0f7,Max Index,Medium,Not Attempted,IBM | 2024-oa,https://www.fastprep.io/problems/ibm-max-index,javascript,,,2024-10-01T00:00:00.000Z
fe4d95c9-26a9-4fd0-847b-845c45347e9a,Min Operations Required,Medium,Not Attempted,IBM | 2024-oa,https://www.fastprep.io/problems/ibm-minimum-operations-required,javascript,,,2024-10-01T00:00:00.000Z
aa054384-79cc-4e2e-8a4e-27339f56bd74,Rover Move,Medium,Not Attempted,IBM | 2024-oa,https://www.fastprep.io/problems/ibm-rover-move,javascript,,,2024-10-01T00:00:00.000Z
fe9a621c-ed2f-41f8-b15d-0137c6526f03,Process Logs,Medium,Not Attempted,IBM | 2024-oa,https://www.fastprep.io/problems/ibm-process-logs,javascript,,,2024-10-01T00:00:00.000Z
8cfcfbf8-c00c-43f9-b474-070e7a4240cc,Is Convertible Data,Medium,Not Attempted,IBM | 2024-oa,https://www.fastprep.io/problems/ibm-is-convertible-data,javascript,,,2024-10-01T00:00:00.000Z
497a9512-4398-481b-bf2a-c4c382ab20ec,Maximize Resource Allocation,Medium,Not Attempted,IBM | 2024-oa,https://www.fastprep.io/problems/ibm-maximize-resource-allocation,javascript,,,2024-10-01T00:00:00.000Z
0d5415b5-db5d-49dd-814f-bfc60de0d1f5,Find Max Even Sum,Easy,Not Attempted,IBM | 2024-oa,https://www.fastprep.io/problems/ibm-find-maximum-even-sum,javascript,,,2024-10-01T00:00:00.000Z
0c6768c2-7ee3-4c70-b1e3-a9c79ff9d8f7,Get Min Cores,Medium,Not Attempted,IBM | 2024-oa,https://www.fastprep.io/problems/ibm-get-min-cores,javascript,,,2024-10-01T00:00:00.000Z
3dfa5702-b438-4c84-8033-cdd20fd47568,Get Smallest String,Medium,Not Attempted,IBM | Strings | 2024-oa,https://www.fastprep.io/problems/ibm-get-smallest-string,javascript,,,2024-10-01T00:00:00.000Z
2ed4b989-862e-41b8-91ea-8a0766950c7a,Get Maximum Occurances,Hard,Not Attempted,IBM | 2024-oa,https://www.fastprep.io/problems/ibm-get-max-occurrences,javascript,,,2024-10-01T00:00:00.000Z
836352b9-fd85-4d71-84e0-bfa6324107a1,Get Min Difference,Medium,Not Attempted,IBM | 2024-oa,https://www.fastprep.io/problems/ibm-get-minimum-difference,javascript,,,2024-10-01T00:00:00.000Z
52c44323-6c85-4244-8148-1f71315bc8e5,Max Traffic Time,Medium,Not Attempted,IBM | 2024-oa,https://www.fastprep.io/problems/ibm-get-max-traffic-time,javascript,,,2024-10-01T00:00:00.000Z
c6b1bbe0-38ce-4784-bd42-e9cfc681db54,Get Maximum Amount,Hard,Not Attempted,IBM | 2024-oa,https://www.fastprep.io/problems/ibm-get-maximum-amount,javascript,,,2024-10-01T00:00:00.000Z
0fd801b4-3b21-46d6-b85a-1925be7d5163,Min Insertion to Balance a Parentheses String,Medium,Not Attempted,IBM | Strings | Stack | 2024-oa,https://www.fastprep.io/problems/ibm-minimum-insertions-to-balance-a-parentheses-string,javascript,,,2024-10-01T00:00:00.000Z
e2d2ac9e-cff6-431c-931a-f7bf3f1629bd,Min Chairs,Medium,Not Attempted,IBM | 2024-oa,https://www.fastprep.io/problems/ibm-min-chairs,javascript,,,2024-10-01T00:00:00.000Z
6b59e352-401c-4b73-8b0a-2450f1d83908,Find Arrangement,Easy,Not Attempted,IBM | 2024-oa,https://www.fastprep.io/problems/ibm-find-arrangements,javascript,,,2024-10-01T00:00:00.000Z
4620dfa0-fc7e-45ce-9979-cfa8c4cb740f,Get Optimal String Length,Hard,Not Attempted,IBM | Strings | 2024-oa,https://www.fastprep.io/problems/ibm-get-optimal-string-length,javascript,,,2024-10-01T00:00:00.000Z
172e92c2-6822-411b-b8b2-3ef510e7bc22,Latest K Requests,Medium,Not Attempted,IBM | 2024-oa,https://www.fastprep.io/problems/ibm-get-latest-k-requests,javascript,,,2024-10-01T00:00:00.000Z
7f344824-56f7-45ec-a60a-686e1c947290,Elementary School,Medium,Not Attempted,IBM | 2024-oa,https://www.fastprep.io/problems/ibm-elementary-school,javascript,,,2024-10-01T00:00:00.000Z
e743fa12-6fa9-4ba3-b16e-f177de3e1408,Arr Subsets,Medium,Not Attempted,IBM | 2024-oa,https://www.fastprep.io/problems/ibm-subset-a,javascript,,,2024-10-01T00:00:00.000Z
1a295c66-f580-4a7d-b8ee-6f9a96e8440f,Table of Contents,Medium,Not Attempted,IBM | 2024-oa,https://www.fastprep.io/problems/ibm-table-of-contents,javascript,,,2024-10-01T00:00:00.000Z
1746a81f-da7f-4539-a93e-1278524cad8c,Get Potential of Winners,Medium,Not Attempted,IBM | 2024-oa,https://www.fastprep.io/problems/ibm-get-potential-of-winner,javascript,,,2024-10-01T00:00:00.000Z
d2e2f2f7-8df1-4e28-b9b0-6f3a1a184a23,Find Max Distinct Items,Easy,Not Attempted,IBM | 2024-oa,https://www.fastprep.io/problems/ibm-find-max-distinct-items,javascript,,,2024-10-01T00:00:00.000Z
4fae672a-f63d-424f-8b72-b3ccc5ce43fd,Total Execution Time,Medium,Not Attempted,IBM | 2024-oa,https://www.fastprep.io/problems/ibm-get-total-execution-time,javascript,,,2024-10-01T00:00:00.000Z
45c93cb0-02bf-43c0-b13b-2935b32eb3a1,Get Min Time,Medium,Not Attempted,IBM | 2024-oa,https://www.fastprep.io/problems/ibm-get-min-time,javascript,,,2024-10-01T00:00:00.000Z
37e6737c-8dfc-41a4-aae6-5c2f138f8301,Validate Requests,Easy,Not Attempted,IBM | 2024-oa,https://www.fastprep.io/problems/ibm-request-parser,javascript,,,2024-10-01T00:00:00.000Z
29c61758-1eba-4588-9ebf-649622ed37f4,Find Y Values,Easy,Not Attempted,IBM | 2024-oa,https://www.fastprep.io/problems/ibm-find-y-value,javascript,,,2024-10-01T00:00:00.000Z
2f1af361-5c6f-4d66-9bc8-d8030b3f9ec1,Circles,Medium,Not Attempted,IBM | 2024-oa,https://www.fastprep.io/problems/ibm-circles,javascript,,,2024-10-01T00:00:00.000Z
ce9d6ef9-37e0-4efa-a402-d32752d799f1,Get Min Moves,Medium,Not Attempted,IBM | 2024-oa,https://www.fastprep.io/problems/ibm-get-minimum-moves,javascript,,,2024-10-01T00:00:00.000Z
4825d323-ed91-4bdc-8407-e80f02ae4cac,Get Responses,Medium,Not Attempted,IBM | 2024-oa,https://www.fastprep.io/problems/get-responses,javascript,,,2024-10-01T00:00:00.000Z
5373521e-db9d-4c3b-be9d-f124b70ba7ce,Get Triple Count,Easy,Not Attempted,IBM | 2024-oa,https://www.fastprep.io/problems/get-triple-count,javascript,,,2024-10-01T00:00:00.000Z
843ab37a-4e04-4e91-93c0-5f612e63d6ec,Num of Valid Words,Easy,Not Attempted,IBM | 2024-oa,https://www.fastprep.io/problems/num-of-valid-words,javascript,,,2024-10-01T00:00:00.000Z
f20583e7-8fba-43ad-b286-03408cefe40d,Rolling String,Medium,Not Attempted,IBM | Strings | 2024-oa,https://www.fastprep.io/problems/rolling-string,javascript,,,2024-10-01T00:00:00.000Z
91e1df8d-e76b-414d-a1d5-872a6a87042c,Minimize Cost,Medium,Not Attempted,IBM | 2024-oa,https://www.fastprep.io/problems/minimize-cost,javascript,,,2024-10-01T00:00:00.000Z
d0fa027b-a7e0-4b67-93de-d0431303c2de,Dominating X or Pairs,Medium,Not Attempted,IBM | 2024-oa,https://www.fastprep.io/problems/dominating-xorpairs,javascript,,,2024-10-01T00:00:00.000Z
8a208125-2673-4273-bdf7-735186fea7b6,Play Segments,Medium,Not Attempted,IBM | 2024-oa,https://www.fastprep.io/problems/play-segments,javascript,,,2024-10-01T00:00:00.000Z
d6d94405-2f72-47c8-a392-b0a02b6abc85,Same Substring,Medium,Not Attempted,IBM | Strings | Trees | 2024-oa,https://www.fastprep.io/problems/same-substring,javascript,,,2024-10-01T00:00:00.000Z
5ed2456d-b23d-475c-a4db-2b760f9b7f59,Pth Factor,Medium,Not Attempted,IBM | 2024-oa,https://www.fastprep.io/problems/pth-factor,javascript,,,2024-10-01T00:00:00.000Z
00326702-5366-4104-ada9-9c4de3d6a504,Get Sequence Sum,Medium,Not Attempted,IBM | 2024-oa,https://www.fastprep.io/problems/get-sequence-sum,javascript,,,2024-10-01T00:00:00.000Z
2bdff57b-c2ee-4565-bca2-d2a71bbbc3b8,Minimum Flips,Medium,Not Attempted,IBM | 2024-oa,https://www.fastprep.io/problems/ibm-minimum-flips,javascript,,,2024-10-01T00:00:00.000Z
2f994510-4815-4118-ab5c-431098ff39e2,Num Players,Medium,Not Attempted,IBM | 2024-oa,https://www.fastprep.io/problems/num-players,javascript,,,2024-10-01T00:00:00.000Z
58e25cc0-f41c-4d8d-9207-663257312279,Romanizer,Medium,Not Attempted,IBM | 2024-oa,https://www.fastprep.io/problems/romanizer,javascript,,,2024-10-01T00:00:00.000Z
2964aaef-90d8-47d5-8ee1-fb66ea180b4c,Score Difference,Medium,Not Attempted,IBM | 2024-oa,https://www.fastprep.io/problems/score-difference,javascript,,,2024-10-01T00:00:00.000Z
06358ee5-2dcb-41cc-b705-678f1f15a5c9,Get Query Results,Medium,Not Attempted,IBM | 2024-oa,https://www.fastprep.io/problems/get-query-results,javascript,,,2024-10-01T00:00:00.000Z
e7bdf166-4921-4476-b9eb-b6043e668886,Get Final Data,Medium,Not Attempted,IBM | 2024-oa,https://www.fastprep.io/problems/get-final-data,javascript,,,2024-10-01T00:00:00.000Z
e1c480f8-a33c-4771-afe5-d462d017f66e,Total Efficiency,Medium,Not Attempted,IBM | 2024-oa,https://www.fastprep.io/problems/total-efficiency,javascript,,,2024-10-01T00:00:00.000Z
670e5047-a366-4b08-93bb-be570dd458c5,Secure Password,Medium,Not Attempted,IBM | 2024-oa,https://www.fastprep.io/problems/secure-password,javascript,,,2024-10-01T00:00:00.000Z
5bbb3803-deb0-4a4f-b6bc-9b6a72cca2a8,Hash Ports,Medium,Not Attempted,IBM | Hashing | 2024-oa,https://www.fastprep.io/problems/hash-ports,javascript,,,2024-10-01T00:00:00.000Z
d1e8061d-dbda-40db-845c-c6a3db49690b,Stock Maximum Profit,Hard,Not Attempted,IBM | 2024-oa,https://www.fastprep.io/problems/stock-max-profit,javascript,,,2024-10-01T00:00:00.000Z
e4d78e83-a063-4a8b-920b-a07617079629,Get Min Machines,Medium,Not Attempted,IBM | 2024-oa,https://www.fastprep.io/problems/get-min-machines,javascript,,,2024-10-01T00:00:00.000Z
7d2a2a71-796c-49d2-ae04-ba8dd56d198f,Get Min Cost,Medium,Not Attempted,IBM | 2024-oa,https://www.fastprep.io/problems/get-min-cost,javascript,,,2024-10-01T00:00:00.000Z
2784d484-7cca-410d-bfe8-df4839dab232,Get Min Time,Medium,Not Attempted,Walleye | 2024-oa,https://www.fastprep.io/problems/walleye-get-min-tims,javascript,,,2024-10-01T00:00:00.000Z
e21087e0-9c03-423a-bc26-25c4125b0668,Valid Pairs,Easy,Not Attempted,Roblox | 2024-oa,https://www.fastprep.io/problems/roblox-valid-pairs,javascript,,,2024-10-01T00:00:00.000Z
dc302d28-1f29-4678-83ea-5735482a4a72,Schedule Meeting,Medium,Not Attempted,Roblox | 2024-oa,https://www.fastprep.io/problems/roblox-schedule-meeting,javascript,,,2024-10-01T00:00:00.000Z
17b8673b-bb51-4ae0-a4d6-09282bf4609a,Make Tower,Medium,Not Attempted,Roblox | 2024-oa,https://www.fastprep.io/problems/roblox-make-towers-strictly-increasing-or-decreasing,javascript,,,2024-10-01T00:00:00.000Z
102b8dbc-7556-4074-8870-1de945d1eadf,Shift Ops,Medium,Not Attempted,Roblox | 2024-oa,https://www.fastprep.io/problems/roblox-shift-ops,javascript,,,2024-10-01T00:00:00.000Z
f259882d-6532-405d-a6c2-cf3b986d06fa,Find Longest Diagonal Segment,Easy,Not Attempted,Roblox | 2024-oa,https://www.fastprep.io/problems/roblox-find-longest-diagonal-segment,javascript,,,2024-10-01T00:00:00.000Z
0ae02304-8528-49e4-8787-4676a9071121,Find Largest Num Of Pairs,Easy,Not Attempted,Roblox | 2024-oa,https://www.fastprep.io/problems/roblox-find-max-number-of-pairs,javascript,,,2024-10-01T00:00:00.000Z
b1e4a63f-09ab-481c-8101-eaf3b4750557,Largest Value of Usage in Minutes,Medium,Not Attempted,Roblox | 2024-oa,https://www.fastprep.io/problems/roblox-largest-value-of-usage-in-minutes,javascript,,,2024-10-01T00:00:00.000Z
d171dc5d-ae4c-4f05-9122-7eda83a76501,Slowest Keys,Medium,Not Attempted,JP Morgan | 2024-oa,https://www.fastprep.io/problems/jpmorgan-slowest-key,javascript,,,2024-10-01T00:00:00.000Z
16fb78a5-daa4-4ae7-8fbc-0ce430a840e9,Get Merged Intervals,Medium,Not Attempted,JP Morgan | 2024-oa,https://www.fastprep.io/problems/jpmorgan-get-merged-intervals,javascript,,,2024-10-01T00:00:00.000Z
669d251d-1e8f-4b24-84b6-80b525d53d31,Get Final String,Medium,Not Attempted,JP Morgan | Strings | 2024-oa,https://www.fastprep.io/problems/jpmorgan-get-final-string,javascript,,,2024-10-01T00:00:00.000Z
15300452-9584-4ec8-a15c-00c461775b22,Min Swaps,Medium,Not Attempted,JP Morgan | 2024-oa,https://www.fastprep.io/problems/jpmorgan-minimum-swaps,javascript,,,2024-10-01T00:00:00.000Z
9865d679-7449-42cc-b65e-b50cfb7ee550,Get Max Deletions,Medium,Not Attempted,JP Morgan | 2024-oa,https://www.fastprep.io/problems/jpmorgan-get-max-deletions,javascript,,,2024-10-01T00:00:00.000Z
796f0dc6-882d-4231-9f86-8dae4223cc42,Maximum Amount,Hard,Not Attempted,JP Morgan | 2024-oa,https://www.fastprep.io/problems/jpmorgan-maximum-amount,javascript,,,2024-10-01T00:00:00.000Z
9502ead4-debf-4a66-a95f-621c674605e2,Count Numbers,Easy,Not Attempted,JP Morgan | 2024-oa,https://www.fastprep.io/problems/jpmorgan-count-numbers,javascript,,,2024-10-01T00:00:00.000Z
faea4f86-834a-41cd-bdc9-188f9238aa4a,Print Without Repeating,Medium,Not Attempted,JP Morgan | 2024-oa,https://www.fastprep.io/problems/jpmorgan-print-number-of-elements-without-repeating-digits,javascript,,,2024-10-01T00:00:00.000Z
42d3b6c0-41c8-4ca3-9afd-a61cd92d6d7f,Get Unique Character,Medium,Not Attempted,JP Morgan | 2024-oa,https://www.fastprep.io/problems/jpmorgan-get-unique-character,javascript,,,2024-10-01T00:00:00.000Z
23f07947-a8ac-4715-b70d-b3a2fb962897,Get Min Machines,Medium,Not Attempted,JP Morgan | 2024-oa,https://www.fastprep.io/problems/jpmorgan-get-min-machines,javascript,,,2024-10-01T00:00:00.000Z
539348bf-9431-46e6-aed5-c4427218dc01,Get Min Cost,Medium,Not Attempted,JP Morgan | 2024-oa,https://www.fastprep.io/problems/jpmorgan-min-cost,javascript,,,2024-10-01T00:00:00.000Z
f2a5bfec-a638-463a-aec4-5d2191814d57,Get Largest Number,Medium,Not Attempted,JP Morgan | 2024-oa,https://www.fastprep.io/problems/jpmorgan-get-largest-number,javascript,,,2024-10-01T00:00:00.000Z
6b3b5e1f-2b89-40b7-b6a8-8318b4846243,Choose Fleets,Medium,Not Attempted,JP Morgan | 2024-oa,https://www.fastprep.io/problems/jpmorgan-choose-fleets,javascript,,,2024-10-01T00:00:00.000Z
f5fed0fa-fc7f-465d-869d-b8c78bfb4b54,Count Signals,Easy,Not Attempted,JP Morgan | 2024-oa,https://www.fastprep.io/problems/jpmorgan-count-signals,javascript,,,2024-10-01T00:00:00.000Z
154820ac-27bf-4a16-953a-44c870936cab,Count Teams,Easy,Not Attempted,JP Morgan | 2024-oa,https://www.fastprep.io/problems/jpmorgan-count-teams,javascript,,,2024-10-01T00:00:00.000Z
8cdb31ad-c281-4f82-89e8-034ead6d376c,Chess Tourment,Medium,Not Attempted,JP Morgan | 2024-oa,https://www.fastprep.io/problems/jpmorgan-get-potential-of-winner,javascript,,,2024-10-01T00:00:00.000Z
465f5c0a-69ed-4caa-94f0-8681702252b7,Find Min Cost,Easy,Not Attempted,JP Morgan | 2024-oa,https://www.fastprep.io/problems/jpmorgan-find-minimum-cost,javascript,,,2024-10-01T00:00:00.000Z
fa595467-38ab-4e8e-8300-5d45f4b46b46,Max Information,Medium,Not Attempted,JP Morgan | 2024-oa,https://www.fastprep.io/problems/jpmorgan-maximum-information,javascript,,,2024-10-01T00:00:00.000Z
f2434e84-6c17-4822-bffc-ff6b711c23b0,Num of Pairs,Medium,Not Attempted,JP Morgan | 2024-oa,https://www.fastprep.io/problems/jpmorgan-find-num-of-pairs,javascript,,,2024-10-01T00:00:00.000Z
e5fb99e9-d27a-4ca9-b9f4-4a267a30e218,Min Operations,Medium,Not Attempted,JP Morgan | 2024-oa,https://www.fastprep.io/problems/jpmorgan-get-minimum-operations,javascript,,,2024-10-01T00:00:00.000Z
d98a2b6b-c9b1-49e1-adf4-afcd0b77d3e7,How Many Flips?,Medium,Not Attempted,JP Morgan | 2024-oa,https://www.fastprep.io/problems/jpmorgan-minimum-flips,javascript,,,2024-10-01T00:00:00.000Z
dae7ad02-6593-456e-8b6d-7ec7a0790f4b,Minimize Path Value,Medium,Not Attempted,Palantir | Graphs | 2024-oa,https://www.fastprep.io/problems/palantir-minimize-path-value,javascript,,,2024-10-01T00:00:00.000Z
d172c8be-c086-4f67-8d54-6c7a265106de,Minimal Operations,Medium,Not Attempted,Palantir | 2024-oa,https://www.fastprep.io/problems/palantir-minimal-operations,javascript,,,2024-10-01T00:00:00.000Z
d6705b20-c956-4fe0-86de-a0803663feab,Get Phone Numbers,Medium,Not Attempted,Palantir | 2024-oa,https://www.fastprep.io/problems/palantir-get-phone-numbers,javascript,,,2024-10-01T00:00:00.000Z
4ee64bd5-c3d4-4dd2-8a9c-f79477f4f6d0,Get Largest Number,Medium,Not Attempted,Palantir | 2024-oa,https://www.fastprep.io/problems/palantir-get-largest-number,javascript,,,2024-10-01T00:00:00.000Z
d35ccf41-bb3a-407c-a19e-00e93031a2ac,Find Doubles,Easy,Not Attempted,Pure Storage | 2024-oa,https://www.fastprep.io/problems/purestorage-find-doubles,javascript,,,2024-10-01T00:00:00.000Z
41af13ad-45de-444c-ba8a-7ed5dc0ba728,Smart Gardener (Intuit India),Medium,Not Attempted,Intuit | 2024-oa,https://www.fastprep.io/problems/intuit-optimize-watering-cost,javascript,,,2024-10-01T00:00:00.000Z
85fdb429-ea35-4142-bd76-f63e9161bf39,Longest Cipher (Intuit India),Medium,Not Attempted,Intuit | 2024-oa,https://www.fastprep.io/problems/intuit-longest-cipher,javascript,,,2024-10-01T00:00:00.000Z
94adcb03-923c-4025-8c55-e2ef5e111965,Virus Spread (Intuit India),Medium,Not Attempted,Intuit | 2024-oa,https://www.fastprep.io/problems/intuit-virus-spread,javascript,,,2024-10-01T00:00:00.000Z
70ff07e2-b8a3-4ccc-814b-ed8cba27867c,Spreading Fire (Intuit India),Medium,Not Attempted,Intuit | 2024-oa,https://www.fastprep.io/problems/intuit-spreading-fire,javascript,,,2024-10-01T00:00:00.000Z
baa8fb9c-f9cc-46ac-b929-e0d22873f52e,Jumping Kaday (Intuit India),Medium,Not Attempted,Intuit | 2024-oa,https://www.fastprep.io/problems/intuit-jumping-kady,javascript,,,2024-10-01T00:00:00.000Z
030fdeca-d2fb-45b3-bdc3-88aa6e3f31d8,Max Reward (Intuit India),Medium,Not Attempted,Intuit | 2024-oa,https://www.fastprep.io/problems/intuit-maximum-reward,javascript,,,2024-10-01T00:00:00.000Z
dcba6c76-80bc-47d9-99f1-6656693d1e8c,Rearranging String,Medium,Not Attempted,Intuit | Strings | 2024-oa,https://www.fastprep.io/problems/intuit-rearrange-string,javascript,,,2024-10-01T00:00:00.000Z
7eaded9b-c6ad-431c-94da-1d1c33a0f65b,Letter Candles,Medium,Not Attempted,Intuit | 2024-oa,https://www.fastprep.io/problems/intuit-letter-candles,javascript,,,2024-10-01T00:00:00.000Z
606c3653-025e-4ea8-a2c0-8e3b3fa92be2,Get Min Difference,Medium,Not Attempted,Intuit | 2024-oa,https://www.fastprep.io/problems/intuit-get-minimum-difference,javascript,,,2024-10-01T00:00:00.000Z
e3426dfd-38e5-441c-92b2-291e21898db5,XOR Coloring,Medium,Not Attempted,Microsoft | 2024-oa,https://www.fastprep.io/problems/microsoft-xor-coloring,javascript,,,2024-10-01T00:00:00.000Z
90193627-1455-499d-b2da-f8a6bfbc4574,Count Good Arrays,Easy,Not Attempted,Microsoft | Arrays | 2024-oa,https://www.fastprep.io/problems/microsoft-great-subsequences,javascript,,,2024-10-01T00:00:00.000Z
6d6579e7-7a3c-4917-8adf-fae8e5889d24,Great Subsequences,Medium,Not Attempted,Microsoft | DP | 2024-oa,https://www.fastprep.io/problems/microsoft-to-good-arrays,javascript,,,2024-10-01T00:00:00.000Z
759b407b-f644-44a7-8a3f-51ead2c2414f,Check Path Presence,Easy,Not Attempted,Microsoft | Graphs | 2024-oa,https://www.fastprep.io/problems/microsoft-check-path-presence,javascript,,,2024-10-01T00:00:00.000Z
75b3779d-3292-4119-a025-45854116adc0,Maximum Number of Moves with Same Result,Hard,Not Attempted,Microsoft | 2024-oa,https://www.fastprep.io/problems/microsoft-max-num-of-moves,javascript,,,2024-10-01T00:00:00.000Z
ed7b805d-f2a0-415b-beb7-c8cae07a3688,Min Num Tiles,Medium,Not Attempted,Microsoft | 2024-oa,https://www.fastprep.io/problems/microsoft-min-num-tiles,javascript,,,2024-10-01T00:00:00.000Z
6e95544f-ed6f-43a6-8b97-f3992dc91beb,Shortest Possible Length,Medium,Not Attempted,Microsoft | 2024-oa,https://www.fastprep.io/problems/microsoft-shortest-possible-length,javascript,,,2024-10-01T00:00:00.000Z
1aab2c72-2721-413b-9011-14f96d3f2d83,Path In Grid,Medium,Not Attempted,Microsoft | Graphs | 2024-oa,https://www.fastprep.io/problems/microsoft-path-in-grid,javascript,,,2024-10-01T00:00:00.000Z
e6f63677-dd77-4ceb-be52-889a160f4257,Minimize Difference,Medium,Not Attempted,Microsoft | 2024-oa,https://www.fastprep.io/problems/microsoft-minimize-difference,javascript,,,2024-10-01T00:00:00.000Z
53336d6d-de0a-4a83-82e2-3902e9e15ee0,Product of xor of All Good Pairs,Medium,Not Attempted,Microsoft | 2024-oa,https://www.fastprep.io/problems/microsoft-product-of-xor-of-all-good-pairs,javascript,,,2024-10-01T00:00:00.000Z
1a2e4d32-b0ca-42ed-808f-4eeb01b29fc5,Longest Path,Medium,Not Attempted,Microsoft | Graphs | 2024-oa,https://www.fastprep.io/problems/microsoft-longest-path-with-different-adjacent-characters,javascript,,,2024-10-01T00:00:00.000Z
930b0851-82d1-46ed-8d38-f01bcfd1974d,Min Order,Medium,Not Attempted,Microsoft | 2024-oa,https://www.fastprep.io/problems/microsoft-reorder-routes-to-make-all-paths-lead-to-the-city-zero,javascript,,,2024-10-01T00:00:00.000Z
666109be-30a7-4c83-9b2a-3d736c522bd8,Get Alphabetically Smallest String,Medium,Not Attempted,Microsoft | Strings | 2024-oa,https://www.fastprep.io/problems/microsoft-get-alphabetically-smallest-string,javascript,,,2024-10-01T00:00:00.000Z
ed43e02e-d276-4a80-b53a-0d20db2fd8ac,Skycraper,Medium,Not Attempted,Microsoft | 2024-oa,https://www.fastprep.io/problems/microsoft-skyscraper,javascript,,,2024-10-01T00:00:00.000Z
d84122eb-8532-4c00-bb59-58574b64e7d3,Min Num Cells,Medium,Not Attempted,Microsoft | 2024-oa,https://www.fastprep.io/problems/microsoft-min-num-letters,javascript,,,2024-10-01T00:00:00.000Z
0942446b-1fa8-4352-ac89-45334bd45804,Maximum Cells,Hard,Not Attempted,Microsoft | 2024-oa,https://www.fastprep.io/problems/microsoft-maximum-cells,javascript,,,2024-10-01T00:00:00.000Z
88671de4-6d18-476e-9404-92e3773bceec,Longest Spike,Medium,Not Attempted,Microsoft | 2024-oa,https://www.fastprep.io/problems/microsoft-longest-spike,javascript,,,2024-10-01T00:00:00.000Z
5f26e942-3b0c-4b98-9a7b-13b9f980406f,Find Min Num Moves,Easy,Not Attempted,Microsoft | 2024-oa,https://www.fastprep.io/problems/microsoft-find-min-num-moves,javascript,,,2024-10-01T00:00:00.000Z
1903f831-1cd7-40fa-bb29-a9e53b405e8c,Assign Value,Medium,Not Attempted,Microsoft | 2024-oa,https://www.fastprep.io/problems/microsoft-assign-values,javascript,,,2024-10-01T00:00:00.000Z
a92b0ca6-d465-4e71-a797-efbb011fd5df,Construct Max Balanced Circle,Medium,Not Attempted,Microsoft | 2024-oa,https://www.fastprep.io/problems/microsoft-construct-maximum-balanced-circle,javascript,,,2024-10-01T00:00:00.000Z
6e0aeba4-93fd-4a05-a655-a1bab393ce3f,Find Suitable Locations,Easy,Not Attempted,Microsoft | 2024-oa,https://www.fastprep.io/problems/findSuitableLocations-microsoft,javascript,,,2024-10-01T00:00:00.000Z
80a0795e-c72c-44cd-bf20-64fc3eccae34,Min Str without Reapting Chars,Medium,Not Attempted,Microsoft | 2024-oa,https://www.fastprep.io/problems/microsoft-minimum-substrings-without-repeating-characters,javascript,,,2024-10-01T00:00:00.000Z
30034b37-c287-4e3a-81b5-cea4f1eb5914,Frog Game,Medium,Not Attempted,Microsoft | 2024-oa,https://www.fastprep.io/problems/microsoft-frog-game,javascript,,,2024-10-01T00:00:00.000Z
732eac61-d80b-4b49-b5bc-b5bb77155be7,Max Sum After Merges,Medium,Not Attempted,Microsoft | 2024-oa,https://www.fastprep.io/problems/microsoft-maximum-sum-after-merges,javascript,,,2024-10-01T00:00:00.000Z
9ff92f49-c0c9-4967-ae4b-923f9bcc1157,Handmade Items,Medium,Not Attempted,Microsoft | 2024-oa,https://www.fastprep.io/problems/microsoft-handmade-item,javascript,,,2024-10-01T00:00:00.000Z
8769e5ca-461e-491c-a7fd-99db26854625,Cover Hotels,Medium,Not Attempted,Microsoft | 2024-oa,https://www.fastprep.io/problems/microsoft-cover-holes,javascript,,,2024-10-01T00:00:00.000Z
01672905-ece6-43c6-8d71-20badcac58db,Prepare Notification,Medium,Not Attempted,Microsoft | 2024-oa,https://www.fastprep.io/problems/microsoft-prepare-notification,javascript,,,2024-10-01T00:00:00.000Z
2410edd6-bcbc-4831-97e4-8620acf8163e,Side Largest Square,Medium,Not Attempted,Microsoft | 2024-oa,https://www.fastprep.io/problems/microsoft-side-largest-square,javascript,,,2024-10-01T00:00:00.000Z
68e0dcd4-9605-41d6-b314-f317691b5053,Str with Longgest Len,Medium,Not Attempted,Microsoft | 2024-oa,https://www.fastprep.io/problems/microsoft-str-with-longest-len,javascript,,,2024-10-01T00:00:00.000Z
f5ef83b3-0b7a-421e-803a-c70754e31203,Cleaning Bot (Microsoft India),Medium,Not Attempted,Microsoft | 2024-oa,https://www.fastprep.io/problems/microsoft-cleaning-bot,javascript,,,2024-10-01T00:00:00.000Z
75a92673-d0c9-4bbe-8667-74ef80c4f367,Find Array Uniqueness Median,Easy,Not Attempted,Microsoft | Arrays | 2024-oa,https://www.fastprep.io/problems/microsoft-find-array-uniqueness-median,javascript,,,2024-10-01T00:00:00.000Z
d2ba279f-2b25-49fd-a002-2efe503958f9,Count Similar Substrings,Easy,Not Attempted,Microsoft | Strings | Trees | 2024-oa,https://www.fastprep.io/problems/microsoft-count-similar-substrings,javascript,,,2024-10-01T00:00:00.000Z
3644d2a8-6afc-4ef7-8323-8972066a2b55,Maximize Difference,Medium,Not Attempted,Microsoft | 2024-oa,https://www.fastprep.io/problems/microsoft-maximizing-difference-in-array-elements-with-moves,javascript,,,2024-10-01T00:00:00.000Z
eabd5278-13e9-4754-894a-f6f7b558b98c,Checking Your Route,Easy,Not Attempted,Weride | 2024-oa,https://www.fastprep.io/problems/weride-checking-your-route,javascript,,,2024-10-01T00:00:00.000Z
deaa52fb-537f-4ec2-adf5-9ee2f433eb8d,Long Break,Medium,Not Attempted,Weride | 2024-oa,https://www.fastprep.io/problems/weride-long-break,javascript,,,2024-10-01T00:00:00.000Z
af6be934-07bb-4951-8b75-4dfad159e97e,Meetup Schedule,Medium,Not Attempted,Weride | 2024-oa,https://www.fastprep.io/problems/weride-meetup-schedule,javascript,,,2024-10-01T00:00:00.000Z
fd54ac02-e30e-47a5-b951-87bad7f7673f,Find Hidden Benchmark Value,Easy,Not Attempted,Samsung | 2024-oa,https://www.fastprep.io/problems/samsung-find-hidden-benchmark-value,javascript,,,2024-10-01T00:00:00.000Z
5d2400d7-ed6b-4115-9d29-9b73568e63a9,Candy Bars,Medium,Not Attempted,Walmart | 2024-oa,https://www.fastprep.io/problems/walmart-minimum-moves-to-equal-candy-bars,javascript,,,2024-10-01T00:00:00.000Z
5eeceea3-b792-43e6-bf30-6d32613d4fba,Longest Good Sequence,Medium,Not Attempted,Walmart | 2024-oa,https://www.fastprep.io/problems/walmart-find-length-of-longest-good-subsequence,javascript,,,2024-10-01T00:00:00.000Z
96cc50b4-02fd-4969-8045-c75aa0baa6c3,Min Possible Value,Medium,Not Attempted,Walmart | 2024-oa,https://www.fastprep.io/problems/walmart-minimum-possible-value-function,javascript,,,2024-10-01T00:00:00.000Z
31dedaa7-cc72-408d-9b91-108626dc7588,Find Num of Good Subsequences,Easy,Not Attempted,Infosys | DP | 2024-oa,https://www.fastprep.io/problems/infosys-find-number-of-good-subsequences,javascript,,,2024-10-01T00:00:00.000Z
7c8ccbd8-536c-4cb6-8133-2106392ea95e,Unique Elements After Modification,Medium,Not Attempted,Infosys | 2024-oa,https://www.fastprep.io/problems/infosys-number-of-unique-elements-after-modifications,javascript,,,2024-10-01T00:00:00.000Z
61d46457-7bd6-4c67-acb1-21d7277830e2,Obtain Max Score Using Min Swaps,Medium,Not Attempted,Infosys | 2024-oa,https://www.fastprep.io/problems/infosys-obtain-maximum-score-using-minimum-swaps,javascript,,,2024-10-01T00:00:00.000Z
c8a944b4-79fe-4d9b-b37c-337a1bcac429,Extract Cards,Medium,Not Attempted,Infosys | 2024-oa,https://www.fastprep.io/problems/infosys-extract-cards,javascript,,,2024-10-01T00:00:00.000Z
514a4741-e4bf-4388-9750-19cde6a9ac53,Count Incremovable Subarrays,Easy,Not Attempted,DE Shaw | Arrays | 2024-oa,https://www.fastprep.io/problems/deshaw-count-the-number-of-incremovable-subarrays-ii,javascript,,,2024-10-01T00:00:00.000Z
e9478ac9-6668-4021-a708-66afb0053572,Subarray Removal,Medium,Not Attempted,DE Shaw | Arrays | 2024-oa,https://www.fastprep.io/problems/deshaw-subarray-removal,javascript,,,2024-10-01T00:00:00.000Z
b38dad69-e037-4101-8cf2-262b33dd6a25,Make Array Bitonic,Medium,Not Attempted,DE Shaw | Arrays | 2024-oa,https://www.fastprep.io/problems/make-array-bitonic-deshaw,javascript,,,2024-10-01T00:00:00.000Z
490c27ac-cdb4-4634-aa5b-4833a0695ff0,Get Min Cost,Medium,Not Attempted,DE Shaw | 2024-oa,https://www.fastprep.io/problems/deshaw-get-minimum-cost,javascript,,,2024-10-01T00:00:00.000Z
dbe9106e-95b3-4778-8185-51cc10c6c3cc,Find Num of Interesting Pairs,Easy,Not Attempted,DE Shaw | 2024-oa,https://www.fastprep.io/problems/deshaw-find-number-of-interesting-pairs,javascript,,,2024-10-01T00:00:00.000Z
9b65ae4b-c678-49ae-a860-5bf00534ac79,Maximum Size Subarray Sum,Hard,Not Attempted,DE Shaw | Arrays | 2024-oa,https://www.fastprep.io/problems/deshaw-maximum-size-subarray-sum,javascript,,,2024-10-01T00:00:00.000Z
9204d59c-277c-4188-a283-b137507fa189,Calculate Region,Medium,Not Attempted,DE Shaw | 2024-oa,https://www.fastprep.io/problems/deshaw-calculate-total-region,javascript,,,2024-10-01T00:00:00.000Z
fd006489-63e8-427d-b925-8d96ca411408,Perfect Break,Medium,Not Attempted,DE Shaw | 2024-oa,https://www.fastprep.io/problems/deshaw-perfect-break,javascript,,,2024-10-01T00:00:00.000Z
d7bd0f1a-62e5-4706-97f7-dc210f100ece,Cop,Medium,Not Attempted,DE Shaw | 2024-oa,https://www.fastprep.io/problems/deshaw-min-acquire-cost,javascript,,,2024-10-01T00:00:00.000Z
9b8cbf0e-7a07-4c23-b814-26a946b1517d,Min Operations to Make Array Equal,Medium,Not Attempted,DE Shaw | Arrays | 2024-oa,https://www.fastprep.io/problems/deshaw-minimum-operations-to-make-array-equal,javascript,,,2024-10-01T00:00:00.000Z
564f41e5-fc4e-4f64-9dc9-55de2732d989,Max Beauty,Medium,Not Attempted,DE Shaw | 2024-oa,https://www.fastprep.io/problems/deshaw-find-maximum-beauty,javascript,,,2024-10-01T00:00:00.000Z
9019920d-04e6-47a4-8132-17e882f81b9d,Distinct Moves,Medium,Not Attempted,Flexport | 2024-oa,https://www.fastprep.io/problems/flexport-distinct-moves,javascript,,,2024-10-01T00:00:00.000Z
86e2f51c-f876-4edf-b1cb-14a840256c7a,Maximum Edges,Hard,Not Attempted,Flexport | 2024-oa,https://www.fastprep.io/problems/flexport-get-maximum-edges,javascript,,,2024-10-01T00:00:00.000Z
2f03856b-0596-47ce-b658-6b596169c15a,Count Good Subsequence,Easy,Not Attempted,Flexport | DP | 2024-oa,https://www.fastprep.io/problems/flexport-count-good-subsequences,javascript,,,2024-10-01T00:00:00.000Z
547b183c-8e44-4f46-b8f5-66efd0797346,Throw the Ball,Medium,Not Attempted,Flexport | 2024-oa,https://www.fastprep.io/problems/flexport-throw-the-ball,javascript,,,2024-10-01T00:00:00.000Z
f5654e8e-4a98-474b-a228-62e4c7acdf4f,Get Expression Sums,Medium,Not Attempted,Flexport | 2024-oa,https://www.fastprep.io/problems/flexport-get-expression-sums,javascript,,,2024-10-01T00:00:00.000Z
798e8ee6-8932-4edc-9e8a-16ab6ff3071a,Max Energy,Medium,Not Attempted,Flexport | 2024-oa,https://www.fastprep.io/problems/flexport-max-energy,javascript,,,2024-10-01T00:00:00.000Z
f0b785c7-b3a3-42ae-bdbd-c3de275e316c,Get Min Time,Medium,Not Attempted,Flexport | 2024-oa,https://www.fastprep.io/problems/flexport-get-minimum-time,javascript,,,2024-10-01T00:00:00.000Z
fc5d48b4-4d34-4b1e-9643-cd908be387b2,Get Node to Remove,Medium,Not Attempted,Flexport | 2024-oa,https://www.fastprep.io/problems/flexport-get-node-to-remove,javascript,,,2024-10-01T00:00:00.000Z
30d64831-a370-48bb-9974-0d04fdff223c,Future Stock Price,Medium,Not Attempted,Hudson River Trading | 2024-oa,https://www.fastprep.io/problems/hudsonriver-maximum-amount-profit,javascript,,,2024-10-01T00:00:00.000Z
1045fa65-2699-4510-9b8e-93380cb53fb0,Count Fancy Numbers,Easy,Not Attempted,Hudson River Trading | 2024-oa,https://www.fastprep.io/problems/hudsonriver-count-fancy-numbers,javascript,,,2024-10-01T00:00:00.000Z
a7c11cb7-4d61-45de-b072-4e78e8883e98,Increasing Paths 2,Medium,Not Attempted,Hudson River Trading | Graphs | 2024-oa,https://www.fastprep.io/problems/hudsonriver-increasing-paths-2,javascript,,,2024-10-01T00:00:00.000Z
8938584f-81ba-4cd2-bfae-44fcb64a9c0e,Increasing Paths 1,Medium,Not Attempted,Hudson River Trading | Graphs | 2024-oa,https://www.fastprep.io/problems/hudsonriver-increasing-paths-1,javascript,,,2024-10-01T00:00:00.000Z
a28691c6-b88b-4936-8159-47bed085f722,Buy and Sell Stock,Medium,Not Attempted,Hudson River Trading | 2024-oa,https://www.fastprep.io/problems/hudsonriver-buy-sell-stock,javascript,,,2024-10-01T00:00:00.000Z
c2b0a085-7c47-40f3-ba65-d76a9ac22240,Harvest Crops,Medium,Not Attempted,Hudson River Trading | 2024-oa,https://www.fastprep.io/problems/hudsonriver-harvest-crops,javascript,,,2024-10-01T00:00:00.000Z
dd85b1e6-ee5f-4307-bfad-f861da209930,Choose Best Flask,Medium,Not Attempted,Observer.AI | 2024-oa,https://www.fastprep.io/problems/observerai-choose-the-best-flask,javascript,,,2024-10-01T00:00:00.000Z
dbf990fa-6d3f-4c1a-8536-897a41060cb8,Mim Steps Required,Medium,Not Attempted,Barclays | 2024-oa,https://www.fastprep.io/problems/barclay-minimum-steps-required,javascript,,,2024-10-01T00:00:00.000Z
3565aafd-7018-4860-b663-b88b56e67b4e,Find Maximum Possible GCD,Hard,Not Attempted,Barclays | 2024-oa,https://www.fastprep.io/problems/barclay-find-maximum-possible-gcd,javascript,,,2024-10-01T00:00:00.000Z
3702daa3-ee0e-47fb-9880-dbf7e16c4fe1,Max Sub Square Matrix Sum Less Than K,Medium,Not Attempted,IMC | Arrays | 2024-oa,https://www.fastprep.io/problems/imc-maximum-sub-square-matrix-sum-less-than-k,javascript,,,2024-10-01T00:00:00.000Z
d41a34c7-9ae2-4ccf-9163-e1f8120f3a78,Find Best Path,Easy,Not Attempted,IMC | Graphs | 2024-oa,https://www.fastprep.io/problems/imc-find-best-path,javascript,,,2024-10-01T00:00:00.000Z
3c3bd1d0-8d40-48d7-a4c4-0884c6d9f5c7,Asteroid Game,Medium,Not Attempted,IMC | 2024-oa,https://www.fastprep.io/problems/imc-asteroid-game,javascript,,,2024-10-01T00:00:00.000Z
7b337ac3-e17a-40b9-a66d-28c8e0e3fb0e,Count Signals,Easy,Not Attempted,Zscaler | 2024-oa,https://www.fastprep.io/problems/zscaler-count-signals,javascript,,,2024-10-01T00:00:00.000Z
a331d9ce-d14b-4cf6-9968-6db5fe747c10,Count Sentences,Easy,Not Attempted,Zscaler | 2024-oa,https://www.fastprep.io/problems/zscaler-count-sentences,javascript,,,2024-10-01T00:00:00.000Z
7b4d1ac0-4607-427b-a7ff-a99d9972063d,Flower Bouquets,Medium,Not Attempted,Atlassian | 2024-oa,https://www.fastprep.io/problems/atlanssian-flower-bouquets,javascript,,,2024-10-01T00:00:00.000Z
bead171e-9ae7-4f4a-b2c0-0a71cd228057,Better Compression,Medium,Not Attempted,Atlassian | 2024-oa,https://www.fastprep.io/problems/atlanssian-better-compression,javascript,,,2024-10-01T00:00:00.000Z
c4fdeef5-a862-4e3f-856c-f2be16755c9a,Romanizer,Medium,Not Attempted,Atlassian | 2024-oa,https://www.fastprep.io/problems/atlanssian-romanizer,javascript,,,2024-10-01T00:00:00.000Z
c838d91c-497a-4b8a-a30e-3b0a602f569d,Find Lowest Price,Easy,Not Attempted,Braze | 2024-oa,https://www.fastprep.io/problems/braze-find-lowest-price,javascript,,,2024-10-01T00:00:00.000Z
06b700e2-79c1-478d-b279-02868b984839,Team Formation,Medium,Not Attempted,Doordash | 2024-oa,https://www.fastprep.io/problems/doordash-team-formation,javascript,,,2024-10-01T00:00:00.000Z
88d34315-1c17-49ac-aae1-29828621b300,Get Final Price,Medium,Not Attempted,Doordash | 2024-oa,https://www.fastprep.io/problems/doordash-get-final-price,javascript,,,2024-10-01T00:00:00.000Z
75fc656f-7b1c-4211-b711-0424d092d9bb,Find Different Value,Easy,Not Attempted,Doordash | 2024-oa,https://www.fastprep.io/problems/doordash-find-difference-value,javascript,,,2024-10-01T00:00:00.000Z
c4ad09b7-558e-400b-a3ae-c5021112579d,Adjust Prices,Medium,Not Attempted,Doordash | 2024-oa,https://www.fastprep.io/problems/doordash-adjust-prices,javascript,,,2024-10-01T00:00:00.000Z
863c8ad0-74ed-4f14-a575-5727702ebfa8,Sizes of Friend Groups,Medium,Not Attempted,Doordash | 2024-oa,https://www.fastprep.io/problems/doordash-get-sizes-of-friends-groups,javascript,,,2024-10-01T00:00:00.000Z
5ef3e661-ace6-41c4-974b-4d287cdf4085,Get Min Time,Medium,Not Attempted,ThoughtSpot | 2024-oa,https://www.fastprep.io/problems/thoughtspot-get-min-time,javascript,,,2024-10-01T00:00:00.000Z
6259e2ed-9cd0-4888-96af-004b9e3ebe7b,Break The Bricks,Medium,Not Attempted,Morgan Stanley | 2024-oa,https://www.fastprep.io/problems/stanley-break-the-bricks,javascript,,,2024-10-01T00:00:00.000Z
3dfec334-27fb-4f11-a1b8-eb4e8eb698f7,Get Subsequence Count,Easy,Not Attempted,Morgan Stanley | DP | 2024-oa,https://www.fastprep.io/problems/stanley-get-subsequence-count,javascript,,,2024-10-01T00:00:00.000Z
6f7fbfa3-e5c2-4562-a3e0-9dffec098821,Prepare Notification,Medium,Not Attempted,General Motors | 2024-oa,https://www.fastprep.io/problems/general-motors-prepare-notification,javascript,,,2024-10-01T00:00:00.000Z
6d4e9f36-d436-427f-b587-f6a32494fcf1,Smallest But Greater,Medium,Not Attempted,General Motors | 2024-oa,https://www.fastprep.io/problems/gms-find-the-tinest-greater-than-a-specifc-num,javascript,,,2024-10-01T00:00:00.000Z
a6aa466a-1731-4d2b-83eb-a899bf37d99e,Num to Be Divided by N,Medium,Not Attempted,Two Sigma | 2024-oa,https://www.fastprep.io/problems/ts-nums-that-can-be-divided-by-n,javascript,,,2024-10-01T00:00:00.000Z
6d1841f8-b4a3-48a3-b112-533ab31b9b02,Replacing Val,Medium,Not Attempted,Two Sigma | 2024-oa,https://www.fastprep.io/problems/ts-replacing-num,javascript,,,2024-10-01T00:00:00.000Z
5bf3a7d2-190d-4712-a0c1-445416f5453c,Min Num of Permutation Operations,Medium,Not Attempted,Geneva Trading | Sorting | 2024-oa,https://www.fastprep.io/problems/geneva-trading-minimum-number-of-permutation-operations,javascript,,,2024-10-01T00:00:00.000Z
341b948d-261c-438a-858a-a4cf48acb6f6,Max Sum of Balanced Sequence,Medium,Not Attempted,Service Now | 2024-oa,https://www.fastprep.io/problems/service-now-maximum-sum-of-balanced-subsequence,javascript,,,2024-10-01T00:00:00.000Z
0687fa3a-336f-4156-aa8a-1b17e347fe4e,Find Max Min Val Using K Elements,Easy,Not Attempted,Service Now | 2024-oa,https://www.fastprep.io/problems/service-now-find-max-minimum-value-using-k-elements,javascript,,,2024-10-01T00:00:00.000Z
00473d9b-93df-42c7-a7ae-5d5ffbf3cdd3,Count Operations,Easy,Not Attempted,Wolverine Trading | 2024-oa,https://www.fastprep.io/problems/wolverine-trading-count-operations,javascript,,,2024-10-01T00:00:00.000Z
02dfbc12-db18-4bfc-a9d3-c980369a84a3,Encode,Medium,Not Attempted,Wolverine Trading | 2024-oa,https://www.fastprep.io/problems/wolverine-trading-decode,javascript,,,2024-10-01T00:00:00.000Z
284829b3-91c8-4321-8e91-4cabc768ffe6,Max Shared,Medium,Not Attempted,Wolverine Trading | 2024-oa,https://www.fastprep.io/problems/wolverine-trading-max-shared,javascript,,,2024-10-01T00:00:00.000Z
4f7a9e94-730e-46f5-b10e-8d1f3f8c44d6,Card Packets,Medium,Not Attempted,IXL Learning | 2024-oa,https://www.fastprep.io/problems/ixl-card-packets,javascript,,,2024-10-01T00:00:00.000Z
135d3b8d-040d-421d-b3ec-c637eff58e0d,Count Max,Easy,Not Attempted,IXL Learning | 2024-oa,https://www.fastprep.io/problems/ixl-count-max,javascript,,,2024-10-01T00:00:00.000Z
5ae1e073-42f9-4d34-99ab-90d969f9fc15,Get Min Difference,Medium,Not Attempted,IXL Learning | 2024-oa,https://www.fastprep.io/problems/ixl-get-minimum-difference,javascript,,,2024-10-01T00:00:00.000Z
51dd3837-a493-4123-8df9-a4494c240925,Prison,Medium,Not Attempted,IXL Learning | 2024-oa,https://www.fastprep.io/problems/ixl-prison,javascript,,,2024-10-01T00:00:00.000Z
a2d67f79-f1d2-4f4b-91b3-e5fcc6edf0e9,Narrative Words,Medium,Not Attempted,Trade Desk | 2024-oa,https://www.fastprep.io/problems/tdesk-narrative-words,javascript,,,2024-10-01T00:00:00.000Z
ec7314db-84c8-4877-9613-ba1040dd3fdd,Last to Be Checked,Easy,Not Attempted,Trade Desk | 2024-oa,https://www.fastprep.io/problems/tdesk-last-to-be-checked,javascript,,,2024-10-01T00:00:00.000Z
cd3c4b04-a5b2-4650-b8b3-72261ef8a758,Buddies Greater Than Target,Medium,Not Attempted,Trade Desk | 2024-oa,https://www.fastprep.io/problems/tdesk-buddies-greater-than-threshold,javascript,,,2024-10-01T00:00:00.000Z
11a99dce-1b11-4855-a492-816bf6cc11b6,Earn The Most,Medium,Not Attempted,Trade Desk | 2024-oa,https://www.fastprep.io/problems/tdesk-about-profit,javascript,,,2024-10-01T00:00:00.000Z
12795654-3e8d-404f-a975-101fdc16df4d,Light Sources,Medium,Not Attempted,Trade Desk | 2024-oa,https://www.fastprep.io/problems/tdesk-about-lamps,javascript,,,2024-10-01T00:00:00.000Z
b5d3a4d6-31c6-42ee-b580-356a2a44bb67,Flights,Medium,Not Attempted,Trade Desk | 2024-oa,https://www.fastprep.io/problems/tdesk-flights,javascript,,,2024-10-01T00:00:00.000Z
dd6366a2-9caa-4ce7-b791-62408d0a5e7b,Friend List,Medium,Not Attempted,Trade Desk | 2024-oa,https://www.fastprep.io/problems/tdesk-friend-list,javascript,,,2024-10-01T00:00:00.000Z
9d897f4c-812e-405c-816d-9b38a7411f7d,Water Jug,Medium,Not Attempted,Cisco | 2024-oa,https://www.fastprep.io/problems/cisco-water-jug-problem,javascript,,,2024-10-01T00:00:00.000Z
04188448-1769-4385-9fa2-48da7eb14ea9,Identify the Non Twin Person,Medium,Not Attempted,Cisco | 2024-oa,https://www.fastprep.io/problems/cisco-identify-the-non-twin-person,javascript,,,2024-10-01T00:00:00.000Z
424f22e5-1cef-45d8-9566-92bc13f4e64c,Rotate the Matrix,Medium,Not Attempted,Cisco | Arrays | 2024-oa,https://www.fastprep.io/problems/cisco-rotate-matrix,javascript,,,2024-10-01T00:00:00.000Z
34f4e494-a6e4-48c8-9abe-bcff8fd0861e,Pilot Drops Food Packet,Medium,Not Attempted,Cisco | 2024-oa,https://www.fastprep.io/problems/cisco-find-maximum-number-of-drop-points-covered,javascript,,,2024-10-01T00:00:00.000Z
4bf93f58-43e5-4417-a24d-3570f43a5bb6,Find Out Prime or Composite,Easy,Not Attempted,Cisco | 2024-oa,https://www.fastprep.io/problems/cisco-find-out-prime-or-composite,javascript,,,2024-10-01T00:00:00.000Z
84166041-1dbf-4357-9cc4-b1c82bf687b9,Compact List,Medium,Not Attempted,Cisco | 2024-oa,https://www.fastprep.io/problems/cisco-compact-the-list,javascript,,,2024-10-01T00:00:00.000Z
8267bdb1-1eea-4ffc-97d7-7fa4f41fe877,Convert Password,Medium,Not Attempted,Cisco | 2024-oa,https://www.fastprep.io/problems/cisco-convert-password,javascript,,,2024-10-01T00:00:00.000Z
554d0a6b-4871-4a67-98d7-135559da681c,Add Numbers,Medium,Not Attempted,Cisco | 2024-oa,https://www.fastprep.io/problems/cisco-add-numbers,javascript,,,2024-10-01T00:00:00.000Z
dc5b5543-0cb2-4ea4-afe9-a7d667340207,Expand Given String,Medium,Not Attempted,Cisco | Strings | 2024-oa,https://www.fastprep.io/problems/cisco-expand-given-string,javascript,,,2024-10-01T00:00:00.000Z
6c8c2108-36ef-45db-9dd9-39d43ee5f551,Create New Version,Medium,Not Attempted,Cisco | 2024-oa,https://www.fastprep.io/problems/cisco-create-new-version,javascript,,,2024-10-01T00:00:00.000Z
6eb81343-2338-407f-9b03-c22c89a2cdd8,Find Largest Sum of Continuous Sequence,Easy,Not Attempted,Cisco | 2024-oa,https://www.fastprep.io/problems/cisco-find-largest-sum-of-continuous-sequence,javascript,,,2024-10-01T00:00:00.000Z
a7e859e8-831f-4fe0-93ba-539cdba8888b,Find Elements Largest in Row Smallest in Column,Easy,Not Attempted,Cisco | 2024-oa,https://www.fastprep.io/problems/cisco-find-elements-largest-row-smallest-column,javascript,,,2024-10-01T00:00:00.000Z
7e884d54-b6de-4a35-a2ad-8c60ba35f31c,Find Palinedrome Sub String,Easy,Not Attempted,Cisco | Strings | 2024-oa,https://www.fastprep.io/problems/cisco-find-sub-string,javascript,,,2024-10-01T00:00:00.000Z
12362e59-ed83-4ffb-9831-49e59a911a0d,Find Machine Count,Easy,Not Attempted,Cisco | 2024-oa,https://www.fastprep.io/problems/cisco-get-minimum-cost,javascript,,,2024-10-01T00:00:00.000Z
3250ede7-ccaa-4f38-93d6-f318f494f820,Find Min Cost To Shift Machines,Easy,Not Attempted,Cisco | 2024-oa,https://www.fastprep.io/problems/cisco-find-minimum-cost-to-shift-machines,javascript,,,2024-10-01T00:00:00.000Z
fe7116c2-6c61-4f02-b765-57314c5e7de9,Get Min Servers,Medium,Not Attempted,Cisco | 2024-oa,https://www.fastprep.io/problems/cisco-get-min-servers,javascript,,,2024-10-01T00:00:00.000Z
a78adce4-63fb-41ca-be7f-56995de8fd61,Find Mean and Mode,Easy,Not Attempted,Cisco | 2024-oa,https://www.fastprep.io/problems/cisco-find-mean-and-mode,javascript,,,2024-10-01T00:00:00.000Z
ffc68b31-a5a1-4bc3-b03b-5e2a43d28c29,Count Number with Sum of Digits,Easy,Not Attempted,Cisco | 2024-oa,"https://www.fastprep.io/problems/cisco-count-numbers-with-sum-of-digits""",javascript,,,2024-10-01T00:00:00.000Z
ab5667e5-b4ed-4907-ab19-981fbd3d5fcb,Calculate Mean and Mode,Medium,Not Attempted,Cisco | 2024-oa,https://www.fastprep.io/problems/cisco-calculate-mean-and-mode,javascript,,,2024-10-01T00:00:00.000Z
6ea3cf81-a85f-424c-8cfb-ea17c9ffcc82,Find Words in Grid,Easy,Not Attempted,Cisco | 2024-oa,https://www.fastprep.io/problems/cisco-find-words-in-grid,javascript,,,2024-10-01T00:00:00.000Z
e66c1b1a-a968-47c6-b13a-683fcc8eca1a,Find Last Call,Easy,Not Attempted,Cisco | 2024-oa,https://www.fastprep.io/problems/cisco-find-last-cell,javascript,,,2024-10-01T00:00:00.000Z
2584e518-f791-483f-8c38-b238855f7e5c,Find Maiximum Number Drop Points Connected,Easy,Not Attempted,Cisco | 2024-oa,https://www.fastprep.io/problems/cisco-find-maximum-number-drop-points-connected,javascript,,,2024-10-01T00:00:00.000Z
b6fd8b6d-8113-4b90-b41c-4d1cb086f6f1,Longest Palindromic Subarray,Medium,Not Attempted,Cisco | Arrays | 2024-oa,https://www.fastprep.io/problems/cisco-longest-palindromic-substring,javascript,,,2024-10-01T00:00:00.000Z
f9d8c778-824d-41bc-a5cd-2fcf51590b95,Find Largest Sum Contiguous Subarray,Easy,Not Attempted,Cisco | Arrays | 2024-oa,https://www.fastprep.io/problems/cisco-find-largest-sum-contiguous-subarray,javascript,,,2024-10-01T00:00:00.000Z
8cce40c8-8053-44ae-8829-4ce8ad25a343,Find Critical Nodes,Easy,Not Attempted,Cisco | 2024-oa,https://www.fastprep.io/problems/cisco-find-critical-nodes,javascript,,,2024-10-01T00:00:00.000Z
86eee65f-9ed0-4aa6-bdbf-9f401c200236,Check Alphabetical Order,Easy,Not Attempted,Cisco | 2024-oa,https://www.fastprep.io/problems/cisco-check-alphabetical-order,javascript,,,2024-10-01T00:00:00.000Z
858ccf1a-fee4-4d55-993f-b1f2c7d409a1,Find Number,Easy,Not Attempted,Cisco | 2024-oa,https://www.fastprep.io/problems/cisco-find-number,javascript,,,2024-10-01T00:00:00.000Z
62df0161-e638-4d9c-9f44-3058c905acc0,Longest Palindrome,Medium,Not Attempted,Cisco | Strings | 2024-oa,https://www.fastprep.io/problems/cisco-find-longest-palindromic-substring,javascript,,,2024-10-01T00:00:00.000Z
54abc4f5-d2bc-4258-ae02-71c8cac2c53e,Find Min Price to Spend,Easy,Not Attempted,Paypal | 2024-oa,https://www.fastprep.io/problems/paypal-find-minimum-price-to-spend,javascript,,,2024-10-01T00:00:00.000Z
f3872071-6255-4fd5-9e00-f6a5fb0d40d2,Min Operations,Medium,Not Attempted,Paypal | 2024-oa,https://www.fastprep.io/problems/paypal-count-minimum-operations,javascript,,,2024-10-01T00:00:00.000Z
00bcf11e-d2a7-4a84-b73f-030a88a2a32f,User Logins,Medium,Not Attempted,Paypal | 2024-oa,https://www.fastprep.io/problems/paypal-count-user-logins,javascript,,,2024-10-01T00:00:00.000Z
cf236d4b-8009-4c4a-b703-287a29da1dae,Max Sum of Processed Time,Medium,Not Attempted,Salesforce | 2024-oa,https://www.fastprep.io/problems/salesforce-maximize-sum-of-processed-times,javascript,,,2024-10-01T00:00:00.000Z
fad0cec6-489f-4e21-9e34-eaecebfa68e0,Find Minimum Idleness,Easy,Not Attempted,Salesforce | 2024-oa,https://www.fastprep.io/problems/salesforce-find-minimum-idleness,javascript,,,2024-10-01T00:00:00.000Z
28cca6ee-38a7-4aaf-87ea-890ad786d65b,Get Maximum Sum of Strengths,Hard,Not Attempted,Salesforce | 2024-oa,https://www.fastprep.io/problems/salesforce-get-maximum-sum-of-strengths,javascript,,,2024-10-01T00:00:00.000Z
cf04ba5d-7bfd-4063-a833-61d70b1f4ae4,Closest Subsequence Sum,Medium,Not Attempted,Salesforce | DP | 2024-oa,https://www.fastprep.io/problems/salesforce-closest-subsequence-sum,javascript,,,2024-10-01T00:00:00.000Z
ec693188-8804-4d35-bc2f-9281fae40420,Min Difference,Medium,Not Attempted,Salesforce | 2024-oa,https://www.fastprep.io/problems/salesforce-minimum-difference,javascript,,,2024-10-01T00:00:00.000Z
fe1ae9d7-d875-4af8-8f98-3c98fb6c4d95,Get Node to Remove,Medium,Not Attempted,Salesforce | 2024-oa,https://www.fastprep.io/problems/salesforce-get-node-to-remove,javascript,,,2024-10-01T00:00:00.000Z
893fbe2c-5eff-423d-a783-5b504fb6f50b,Min Dev Time,Medium,Not Attempted,Salesforce | 2024-oa,https://www.fastprep.io/problems/salesforce-get-minimum-development-time,javascript,,,2024-10-01T00:00:00.000Z
47cea1da-f68e-4217-821f-71ddb553ed08,Find All Pairs of Integers,Easy,Not Attempted,Salesforce | 2024-oa,https://www.fastprep.io/problems/salesforce-find-all-pairs-of-integers,javascript,,,2024-10-01T00:00:00.000Z
7e5f790b-f1e2-40f7-a06f-66894692486e,Longest Substring,Medium,Not Attempted,Salesforce | Strings | Trees | 2024-oa,https://www.fastprep.io/problems/salesforce-minimize-length-of-longest-substring,javascript,,,2024-10-01T00:00:00.000Z
6caa4eb2-1bc1-4f4c-9c39-9a52d597a6fc,Get Min Time,Medium,Not Attempted,Salesforce | 2024-oa,https://www.fastprep.io/problems/salesforce-get-minimum-time,javascript,,,2024-10-01T00:00:00.000Z
bfd0c3f3-1d85-493d-a9f9-f1ce771a6f3f,Schedule Batch Difference,Medium,Not Attempted,Salesforce | 2024-oa,https://www.fastprep.io/problems/salesforce-schedule-batch-difference,javascript,,,2024-10-01T00:00:00.000Z
dfb0d84c-934c-49de-8140-3699cacdee52,Get Perfect Pairs Count,Easy,Not Attempted,Salesforce | 2024-oa,https://www.fastprep.io/problems/salesforce-get-perfect-pairs-count,javascript,,,2024-10-01T00:00:00.000Z
c977c202-9788-40b8-8f0a-5b70a54404a0,Minimal Operations,Medium,Not Attempted,Salesforce | 2024-oa,https://www.fastprep.io/problems/salesforce-minimal-operations,javascript,,,2024-10-01T00:00:00.000Z
796698a9-ae44-420c-afd3-66798d62dea7,Find Num of Perfect Pairs,Easy,Not Attempted,Salesforce | 2024-oa,https://www.fastprep.io/problems/salesforce-find-number-of-perfect-paris,javascript,,,2024-10-01T00:00:00.000Z
d0e8faf4-d053-4252-b778-e3605e2e9ed9,Least Hours,Medium,Not Attempted,Salesforce | 2024-oa,https://www.fastprep.io/problems/salesforce-least-hours,javascript,,,2024-10-01T00:00:00.000Z
4b92d2f1-f540-402c-becd-aed8b1cab210,Count Numbers with Unique Digits,Easy,Not Attempted,Salesforce | 2024-oa,https://www.fastprep.io/problems/salesforce-count-numbers-with-unique-digits,javascript,,,2024-10-01T00:00:00.000Z
94961fe6-083a-4919-b50f-8d85b514d7f7,Least Stressful Path,Medium,Not Attempted,Salesforce | Graphs | 2024-oa,https://www.fastprep.io/problems/salesforce-least-stressful-path,javascript,,,2024-10-01T00:00:00.000Z
64522b79-8971-4fc6-a30f-5a7c030e5e72,Same Substring,Medium,Not Attempted,Salesforce | Strings | Trees | 2024-oa,https://www.fastprep.io/problems/salesforce-same-substring,javascript,,,2024-10-01T00:00:00.000Z
eb18a45e-8b48-43d9-8dd8-c49366900ae5,Count Substrings,Easy,Not Attempted,Salesforce | Strings | Trees | 2024-oa,https://www.fastprep.io/problems/salesforce-count-substrings,javascript,,,2024-10-01T00:00:00.000Z
cf4b5997-ee81-4b7e-a605-1cc5e0041fed,Count Min Operations to Reduce Dimensions,Easy,Not Attempted,Salesforce | 2024-oa,https://www.fastprep.io/problems/salesforce-count-minimum-operations-to-reduce-dimensions,javascript,,,2024-10-01T00:00:00.000Z
a42d3161-da3c-4aa0-9cd3-19f9c7c63190,Winning Square,Medium,Not Attempted,Salesforce | 2024-oa,https://www.fastprep.io/problems/salesforce-construct-winning-sequence,javascript,,,2024-10-01T00:00:00.000Z
20eac9af-585e-47a4-a568-38b38d660904,Plan Cut,Medium,Not Attempted,Salesforce | 2024-oa,https://www.fastprep.io/problems/salesforce-plan-cuts,javascript,,,2024-10-01T00:00:00.000Z
fbe60350-7bbe-4ca2-b125-5720bf49238a,Arrange Coins,Medium,Not Attempted,Alarm.com | 2024-oa,https://www.fastprep.io/problems/alarm-arrange-coins,javascript,,,2024-10-01T00:00:00.000Z
702eb61a-a6eb-4087-8f26-e83d8051848b,Days Since Last Login,Medium,Not Attempted,Alarm.com | 2024-oa,https://www.fastprep.io/problems/alarm-days-since-last-login,javascript,,,2024-10-01T00:00:00.000Z
42a91de4-f01c-4cab-a766-2dd073c36fbb,Get Best Price,Medium,Not Attempted,Confluent | 2024-oa,https://www.fastprep.io/problems/confluent-get-best-price,javascript,,,2024-10-01T00:00:00.000Z
3c6fb4f1-9e7c-47ce-a707-a35c73ae8f0f,Smash Bricks,Medium,Not Attempted,Wayfair | 2024-oa,https://www.fastprep.io/problems/wayfair-smash-the-bricks,javascript,,,2024-10-01T00:00:00.000Z
4766e6e2-6db1-42bf-8295-238fc0f6df54,Validate Magical Binary String,Easy,Not Attempted,Wayfair | Strings | 2024-oa,https://www.fastprep.io/problems/wayfair-validating-magical-binary-strings-with-regex,javascript,,,2024-10-01T00:00:00.000Z
33316f44-97e5-4338-9d17-184d6ec448d7,Character Reprogramming,Medium,Not Attempted,Canva | 2024-oa,https://www.fastprep.io/problems/canva-character-reprogramming,javascript,,,2024-10-01T00:00:00.000Z
375f0c70-2bf2-4316-aa2e-1b23f77e0846,Order Check,Easy,Not Attempted,Canva | 2024-oa,https://www.fastprep.io/problems/canva-count-students,javascript,,,2024-10-01T00:00:00.000Z
ce48869a-4384-4a8a-8003-68d613a101af,Counting Binary Substrings,Easy,Not Attempted,Canva | Strings | Trees | 2024-oa,https://www.fastprep.io/problems/canva-counting,javascript,,,2024-10-01T00:00:00.000Z
059e3387-ff5b-4a4c-b239-79c6a3f9a151,Min Cost To Collect All Points,Medium,Not Attempted,Nutanix | 2024-oa,https://www.fastprep.io/problems/nutanix-min-cost-to-connect-all-points,javascript,,,2024-10-01T00:00:00.000Z
286c29bf-c13a-433a-98e2-da41fdf3ef1a,Minimum Operations to Convert Array,Medium,Not Attempted,Nutanix | Arrays | 2024-oa,https://www.fastprep.io/problems/nutanix-minimum-operations-to-convert-array,javascript,,,2024-10-01T00:00:00.000Z
a8755404-15aa-4378-9b9d-6a51bfffaa9b,No Adjacent Characters,Medium,Not Attempted,Nutanix | 2024-oa,https://www.fastprep.io/problems/nutanix-no-adjacent-characters,javascript,,,2024-10-01T00:00:00.000Z
2bb3de81-54af-4ac7-8f0c-1350bbff7d24,Count Segments After House Removals,Easy,Not Attempted,Uber | 2024-oa,https://www.fastprep.io/problems/uber-counting-segments-after-house-removals,javascript,,,2024-10-01T00:00:00.000Z
086b5d21-86f4-4106-8c83-142db3e796de,Count Elements,Easy,Not Attempted,Uber | 2024-oa,https://www.fastprep.io/problems/uber-count-elements,javascript,,,2024-10-01T00:00:00.000Z
3d4df553-7317-4c88-9454-bfb2ac46f245,Build Blocks and Obstacles,Medium,Not Attempted,Uber | Trees | 2024-oa,https://www.fastprep.io/problems/uber-build-blocks-and-obstacles,javascript,,,2024-10-01T00:00:00.000Z
19174f31-9c9d-48ec-9323-f3645f48b02c,Matrix Transformation,Medium,Not Attempted,Uber | Arrays | 2024-oa,https://www.fastprep.io/problems/uber-matrix-transformation,javascript,,,2024-10-01T00:00:00.000Z
28a4b93c-aed9-49db-af34-08eb5cf1f528,Match Pattern,Medium,Not Attempted,Uber | 2024-oa,https://www.fastprep.io/problems/uber-match-subarray-to-pattern,javascript,,,2024-10-01T00:00:00.000Z
7abe5560-21bb-4749-ab53-1e9f22c1fd26,Character Health,Medium,Not Attempted,Uber | 2024-oa,https://www.fastprep.io/problems/uber-character-health-in-a-video-game,javascript,,,2024-10-01T00:00:00.000Z
3c00d301-2c34-4c27-9df6-bb1b43787399,Good Ways to Reach a Sum,Medium,Not Attempted,Uber | 2024-oa,https://www.fastprep.io/problems/uber-count-ways-to-reach-a-sum,javascript,,,2024-10-01T00:00:00.000Z
c574c9a2-d929-4de5-8358-4a54d2395edd,Count Good Array,Easy,Not Attempted,Uber | Arrays | 2024-oa,https://www.fastprep.io/problems/uber-count-the-number-of-good-subarrays,javascript,,,2024-10-01T00:00:00.000Z
afe32846-35bc-4223-9187-6a0cc88c183f,Min Right Shifts to Sort An Array,Medium,Not Attempted,Uber | Arrays | Sorting | 2024-oa,https://www.fastprep.io/problems/uber-minimum-right-shifts-to-sort-the-array,javascript,,,2024-10-01T00:00:00.000Z
a4f8e16b-00a3-4758-b1d2-696096f34019,Min Obstacle to Remove,Medium,Not Attempted,Uber | Trees | 2024-oa,https://www.fastprep.io/problems/uber-minimum-obstacle-removal,javascript,,,2024-10-01T00:00:00.000Z
4e466645-0bef-45cb-8c25-9cc5f4e904f3,Calculate Visited Countries,Easy,Not Attempted,Uber | Trie | 2024-oa,https://www.fastprep.io/problems/uber-calculate-visited-countries,javascript,,,2024-10-01T00:00:00.000Z
9224bd86-0654-402b-90e8-e48a83e1cb2f,Count L Shapes,Easy,Not Attempted,Uber | 2024-oa,https://www.fastprep.io/problems/uber-count-l-shapes,javascript,,,2024-10-01T00:00:00.000Z
be49b222-26a8-4df4-ad06-158fc611fcea,Count Elements With At Least One Smaller And One Greater Value,Easy,Not Attempted,Uber | 2024-oa,https://www.fastprep.io/problems/uber-count-elements-with-at-least-one-smaller-and-one-greater-value,javascript,,,2024-10-01T00:00:00.000Z
dd8be73b-1b7c-42d5-9fbd-229a64651107,Min Operations To Make Harmonious,Medium,Not Attempted,Uber | 2024-oa,https://www.fastprep.io/problems/uber-minimum-operations-to-make-sequence-harmonious,javascript,,,2024-10-01T00:00:00.000Z
7d0152f7-e42e-4082-9f08-a54081c2cec8,Find Length of Longest Common Prefix,Easy,Not Attempted,Uber | 2024-oa,https://www.fastprep.io/problems/uber-find-length-of-longest-common-prefix,javascript,,,2024-10-01T00:00:00.000Z
45401a2b-4526-47e5-90d9-fd9f4913bd8d,Word Pairs,Medium,Not Attempted,Uber | 2024-oa,https://www.fastprep.io/problems/uber-word-pairs,javascript,,,2024-10-01T00:00:00.000Z
acd2bec1-466f-41a6-bfaa-9046fd6ac94a,Bus Time,Medium,Not Attempted,Uber | 2024-oa,https://www.fastprep.io/problems/uber-bus-time,javascript,,,2024-10-01T00:00:00.000Z
0446140f-3c2e-4a71-bdb9-547e4293af3e,Maximize XOR for Each Query,Medium,Not Attempted,Uber | 2024-oa,https://www.fastprep.io/problems/uber-maximum-xor-for-each-query,javascript,,,2024-10-01T00:00:00.000Z
45442168-6de3-4726-ba6a-5c0bf25d0ae4,Make Numbers Equal,Medium,Not Attempted,Xperi | 2024-oa,https://www.fastprep.io/problems/xperi-make-numbers-equal,javascript,,,2024-10-01T00:00:00.000Z
f8f3eac6-1bca-40f7-9613-855f2e9762f4,Count Integer Sequences,Easy,Not Attempted,Xperi | 2024-oa,https://www.fastprep.io/problems/xperi-count-integer-sequences,javascript,,,2024-10-01T00:00:00.000Z
67545d88-ca15-48ea-b0aa-e3f5341e1d41,Modify Array,Medium,Not Attempted,Paypal | Arrays | 2024-oa,https://www.fastprep.io/problems/paypal-modify-array,javascript,,,2024-10-01T00:00:00.000Z
0b1079c4-8882-4fa4-ab1c-891de9201f72,Meeting Room,Medium,Not Attempted,Wework | 2024-oa,https://www.fastprep.io/problems/wework-meeting-room,javascript,,,2024-10-01T00:00:00.000Z
dcbce87b-cf93-4004-a9dc-58b22e34aea4,Shopping and Billing,Medium,Not Attempted,Wework | 2024-oa,https://www.fastprep.io/problems/wework-shopping-and-billing,javascript,,,2024-10-01T00:00:00.000Z
eee7dd46-0a9b-4f82-be7b-f71dd51ba52a,Shopping and Billing,Medium,Not Attempted,Purestorage | 2024-oa,https://www.fastprep.io/problems/purestorage-count-palindromic-substrings,javascript,,,2024-10-01T00:00:00.000Z
3d6acd89-f8eb-4f41-91b2-40d791d7e458,Calculate Distance,Medium,Not Attempted,Blackrock | 2024-oa,https://www.fastprep.io/problems/blackrock-calculate-distance,javascript,,,2024-10-01T00:00:00.000Z
5b6bdf42-de6c-48b4-a7f5-296ce0e36fed,Efficient Matching,Medium,Not Attempted,Blackrock | 2024-oa,https://www.fastprep.io/problems/blackrock-efficient-matching,javascript,,,2024-10-01T00:00:00.000Z
5fa7d047-5e97-40e2-8cff-3bf7019237a0,Is Happy Number,Medium,Not Attempted,Blackrock | 2024-oa,https://www.fastprep.io/problems/blackrock-is-happy-number,javascript,,,2024-10-01T00:00:00.000Z
1bc419e4-9013-4f7c-a251-582d95fb3068,Count Levels,Easy,Not Attempted,Blackrock | 2024-oa,https://www.fastprep.io/problems/blackrock-count-levels,javascript,,,2024-10-01T00:00:00.000Z
3f42ef58-c02b-4973-8383-65bbd366513f,Number of Balanced Strings,Medium,Not Attempted,Moveworks | Strings | 2024-oa,https://www.fastprep.io/problems/moveworks-number-of-balanced-strings,javascript,,,2024-10-01T00:00:00.000Z
dfa623c5-c419-45b5-896e-edbff03bae36,Min Moves to Sort Array,Medium,Not Attempted,Moveworks | Arrays | Sorting | 2024-oa,https://www.fastprep.io/problems/moveworks-minimum-moves-to-sort-array,javascript,,,2024-10-01T00:00:00.000Z
d9563411-3a3d-436c-ad9c-bd2ac8b42fcd,Find Max Number of Strings,Easy,Not Attempted,Moveworks | Strings | 2024-oa,https://www.fastprep.io/problems/moveworks-find-maximum-number-of-strings,javascript,,,2024-10-01T00:00:00.000Z
66254110-e879-479c-a3f5-ba2235b95ef7,Min Operations to Sort Array,Medium,Not Attempted,Moveworks | Arrays | Sorting | 2024-oa,https://www.fastprep.io/problems/moveworks-get-minimum-operations-to-sort-array,javascript,,,2024-10-01T00:00:00.000Z
2dfaa0f5-e8ef-4e04-b0ad-00fa5181dff2,Transform String,Medium,Not Attempted,Jane Street | Strings | 2024-oa,https://www.fastprep.io/problems/janestreet-transform-string,javascript,,,2024-10-01T00:00:00.000Z
2d4c292e-d8d0-440c-add8-25573f91ba55,Rob House,Medium,Not Attempted,Epam | 2024-oa,https://www.fastprep.io/problems/epam-rob-house,javascript,,,2024-10-01T00:00:00.000Z
9e34efb9-46ec-4e22-bd1b-e8fba46813bb,Get String to Remove,Medium,Not Attempted,Onix | Strings | 2024-oa,https://www.fastprep.io/problems/onix-get-string-to-remove,javascript,,,2024-10-01T00:00:00.000Z
0b8fb3ef-7a85-4f3c-b15d-619bf1449eaf,Get String to Remove,Medium,Not Attempted,Hyper Verge | Strings | 2024-oa,https://www.fastprep.io/problems/hyperverge-reach-a-given-number,javascript,,,2024-10-01T00:00:00.000Z
55a11a63-3fc5-400c-aae9-f4e02ac63d09,Count Triples,Easy,Not Attempted,Sig | 2024-oa,https://www.fastprep.io/problems/counting-triples,javascript,,,2024-10-01T00:00:00.000Z
5259b86b-0c5c-4153-a432-9e755c605911,Count Subsequences,Easy,Not Attempted,BNY Mellon | DP | 2024-oa,https://www.fastprep.io/problems/bnymellon-count-subsequences,javascript,,,2024-10-01T00:00:00.000Z
e5848928-1f2d-4962-a779-b72893389b80,Dig Sum,Medium,Not Attempted,BNY Mellon | 2024-oa,https://www.fastprep.io/problems/bnymellon-ways-to-choose-sum,javascript,,,2024-10-01T00:00:00.000Z
4ab67bbb-af85-4a76-ac58-4884a5dad299,Customer Checkout Duration,Easy,Not Attempted,Optiver | 2024-oa,https://www.fastprep.io/problems/optiver-customer-checkout-duration,javascript,,,2024-10-01T00:00:00.000Z
38143568-c133-4ac3-b0db-7ceb55f09ac8,Sequence Beauty,Medium,Not Attempted,Eat Club | 2024-oa,https://www.fastprep.io/problems/eat-club-calculate-sequence-beauty,javascript,,,2024-10-01T00:00:00.000Z
660153d1-5739-40ee-bb10-49b49765e137,Grandmaster Choice,Medium,Not Attempted,Eat Club | 2024-oa,https://www.fastprep.io/problems/eat-club-grandmasters-choice,javascript,,,2024-10-01T00:00:00.000Z
25bf5f8e-ed28-41f6-97e2-6d04a9e4bade,Write L Matrix,Medium,Not Attempted,DataBricks | Arrays | 2024-oa,https://www.fastprep.io/problems/databricks-write-l-matrix,javascript,,,2024-10-01T00:00:00.000Z
c2860925-71be-468a-a5d7-b4e1c06e7427,Longest Common Prefix of Number Pairs,Medium,Not Attempted,DataBricks | 2024-oa,https://www.fastprep.io/problems/databricks-longest-common-prefix-of-number-pairs,javascript,,,2024-10-01T00:00:00.000Z
fea74fdc-0647-4a83-b09f-07a8d070d055,Diff Between Sums of Positions,Medium,Not Attempted,DataBricks | 2024-oa,https://www.fastprep.io/problems/databricks-diff-between-sums-of-positions,javascript,,,2024-10-01T00:00:00.000Z
aa5f482d-7b0d-4dd0-bcd8-eed074cd26ab,Subarray Counting,Easy,Not Attempted,DataBricks | Arrays | 2024-oa,https://www.fastprep.io/problems/databricks-subarray-counting,javascript,,,2024-10-01T00:00:00.000Z
7c36b1c2-b56a-4ca2-b5be-afeab18391d3,String Requests,Medium,Not Attempted,DataBricks | Strings | 2024-oa,https://www.fastprep.io/problems/databricks-string-requests,javascript,,,2024-10-01T00:00:00.000Z
3eb526a6-3b51-434c-825d-8005f84a1359,Diagonal Weights,Medium,Not Attempted,DataBricks | 2024-oa,https://www.fastprep.io/problems/databricks-diagonal-weights,javascript,,,2024-10-01T00:00:00.000Z
06073950-02de-4fc3-8013-6080ee4266a0,Goto Largest Bucket,Medium,Not Attempted,DataBricks | 2024-oa,https://www.fastprep.io/problems/databricks-goto-largest-bucket,javascript,,,2024-10-01T00:00:00.000Z
3141afed-ed17-453e-97bc-adf9f29716ff,Count Triples with Diff,Easy,Not Attempted,DataBricks | 2024-oa,https://www.fastprep.io/problems/databricks-count-triples-with-diff,javascript,,,2024-10-01T00:00:00.000Z
34535952-41d6-473e-895a-e168f66343cc,Array Manipulation,Medium,Not Attempted,DataBricks | Arrays | 2024-oa,https://www.fastprep.io/problems/databricks-array-manipulation,javascript,,,2024-10-01T00:00:00.000Z
c9f98351-96f9-4185-998b-d655f0ff8826,Advanture to Count Moves,Easy,Not Attempted,DataBricks | 2024-oa,https://www.fastprep.io/problems/databricks-advanture-to-count-moves,javascript,,,2024-10-01T00:00:00.000Z
c1cd4479-36c0-4e96-8f8b-87e2aedf5873,Cyclic Pairs,Medium,Not Attempted,DataBricks | 2024-oa,https://www.fastprep.io/problems/databricks-cyclic-pairs,javascript,,,2024-10-01T00:00:00.000Z
88f69fcc-5ece-4783-a20c-c04de414649a,Check Pattern Presence,Easy,Not Attempted,DataBricks | 2024-oa,https://www.fastprep.io/problems/databricks-check-pattern-presence,javascript,,,2024-10-01T00:00:00.000Z
a41d01f1-e6f7-4852-8602-b1152e5a762b,Count Pairs,Easy,Not Attempted,DataBricks | 2024-oa,https://www.fastprep.io/problems/dd-count-pairs,javascript,,,2024-10-01T00:00:00.000Z
912b0000-44bd-4f05-9548-1ea9b2431b49,Rotate Matrix Over Diagonals,Medium,Not Attempted,Capital One | Arrays | 2024-oa,https://www.fastprep.io/problems/capitalone-rotate-matrix-over-diagonals,javascript,,,2024-10-01T00:00:00.000Z
a20013ea-2e20-4de0-84c4-9be724e324fc,Find Min Special Value,Easy,Not Attempted,GE Vernova | 2024-oa,https://www.fastprep.io/problems/ge-vernova-find-minimum-special-value,javascript,,,2024-10-01T00:00:00.000Z
37213d1a-cf49-4ba4-b8e6-9ca6d7401238,Friendship String,Medium,Not Attempted,Rubrik | Strings | 2024-oa,https://www.fastprep.io/problems/rubrik-friendship-string,javascript,,,2024-10-01T00:00:00.000Z
b808525a-4358-4898-96ed-fc9c4f929bd2,Doing Smart Work,Medium,Not Attempted,Rubrik | 2024-oa,https://www.fastprep.io/problems/rubrik-doing-smart-work,javascript,,,2024-10-01T00:00:00.000Z
41953cc3-0040-4637-bccb-1b10aa0a29cc,Battle with Upper Moon 6,Medium,Not Attempted,Rubrik | 2024-oa,https://www.fastprep.io/problems/rubrik-battle-with-upper-moon-6,javascript,,,2024-10-01T00:00:00.000Z
5cc1ba20-2641-4539-8431-82b49876df57,Maximize Happiness,Medium,Not Attempted,Rubrik | 2024-oa,https://www.fastprep.io/problems/rubrik-maximize-happiness,javascript,,,2024-10-01T00:00:00.000Z
f2afd8a9-e376-41cb-8565-f023ebfddf9d,Maximize Score,Medium,Not Attempted,Cvent | 2024-oa,https://www.fastprep.io/problems/cvent-maximize-score,javascript,,,2024-10-01T00:00:00.000Z
9d9f047e-ddfc-4c2a-af6e-1c097bb06a8a,Counting Game,Easy,Not Attempted,Trend Micro | 2024-oa,https://www.fastprep.io/problems/trendmicro-counting-game,javascript,,,2024-10-01T00:00:00.000Z
cabbf8d5-7177-4b17-8b44-770870d2d458,Find Sequences,Easy,Not Attempted,Trend Micro | 2024-oa,https://www.fastprep.io/problems/trendmicro-find-sequences,javascript,,,2024-10-01T00:00:00.000Z
700f26d3-df3c-4316-88f1-223d1089b3e3,Count Good Strings,Easy,Not Attempted,Commvault | Strings | 2024-oa,https://www.fastprep.io/problems/commvault-count-good-strings,javascript,,,2024-10-01T00:00:00.000Z
b5d84c7a-1d0a-4b3e-b458-c8a2362ad41f,Num of Good Pairs,Medium,Not Attempted,Commvault | 2024-oa,https://www.fastprep.io/problems/commvault-number-of-good-pairs,javascript,,,2024-10-01T00:00:00.000Z
b83e67a5-2d88-46ed-be55-7838c3a5007f,Longest String,Medium,Not Attempted,Zolando | Strings | 2024-oa,https://www.fastprep.io/problems/zolando-longest-string,javascript,,,2024-10-01T00:00:00.000Z
7941d699-5550-4d71-820b-70aab05afb10,String Manipulation,Medium,Not Attempted,Zolando | Strings | 2024-oa,https://www.fastprep.io/problems/zolando-string-manipulation,javascript,,,2024-10-01T00:00:00.000Z
85ee96c4-ec2e-4afc-b77f-377bc7fa40ed,Get Maximum Jobs,Hard,Not Attempted,Sofi | 2024-oa,https://www.fastprep.io/problems/sofi-get-maximum-jobs,javascript,,,2024-10-01T00:00:00.000Z
54d6b38d-967c-4bc1-b5c5-533bb121c673,Generate Lexicographically Smallest String,Medium,Not Attempted,Deutsche Bank | Strings | Graphs | 2024-oa,https://www.fastprep.io/problems/deutsche-bank-generate-lexicographically-smallest-string,javascript,,,2024-10-01T00:00:00.000Z
945fee2c-0e22-441e-b057-d4835bdf145d,Give Min Sum,Medium,Not Attempted,Deutsche Bank | 2024-oa,https://www.fastprep.io/problems/deutsche-bank-give-minimum-sum,javascript,,,2024-10-01T00:00:00.000Z
f01034fb-f0ff-478c-a3c1-f6660fff3ed5,Consecutive,Medium,Not Attempted,Bloomberg | 2024-oa,https://www.fastprep.io/problems/bloomberg-consecutive,javascript,,,2024-10-01T00:00:00.000Z
19632199-22fd-4fa1-865e-e3cc82eb1801,Count Numbers,Easy,Not Attempted,Bloomberg | 2024-oa,https://www.fastprep.io/problems/bloomberg-count-numbers,javascript,,,2024-10-01T00:00:00.000Z
7694f5ad-2f64-4ead-ab81-c23431c31232,Find Longest Chain,Easy,Not Attempted,Bloomberg | 2024-oa,https://www.fastprep.io/problems/bloomberg-find-longest-chain,javascript,,,2024-10-01T00:00:00.000Z
4251234a-279d-4264-a415-ee4955a88f8e,Shuffle All the Decks,Medium,Not Attempted,Bloomberg | 2024-oa,https://www.fastprep.io/problems/bloomberg-shuffle-all-decks,javascript,,,2024-10-01T00:00:00.000Z
dbc3834f-4645-4b69-91a3-9f9a2d72d01e,First Occurence,Medium,Not Attempted,Linkedin | 2024-oa,https://www.fastprep.io/problems/linkedin-first-occurrence,javascript,,,2024-10-01T00:00:00.000Z
c90b15be-d459-452c-89ae-3a161cd9d1a0,Range Sum,Medium,Not Attempted,Zolostays | 2024-oa,https://www.fastprep.io/problems/zolostays-range-sum,javascript,,,2024-10-01T00:00:00.000Z
0aed1e6a-ee35-40c2-bee9-5f918140c034,Trapping Rain Water,Medium,Not Attempted,Zolostays | 2024-oa,https://www.fastprep.io/problems/zolostays-trapping-rain-water,javascript,,,2024-10-01T00:00:00.000Z
0e15556b-67b6-4271-be87-fe7c74d7374a,Piles of Boxes,Medium,Not Attempted,BNP | 2024-oa,https://www.fastprep.io/problems/bnp-piles-of-boxes,javascript,,,2024-10-01T00:00:00.000Z
8fb71aa4-ecc8-41c2-8896-9909f2efb62e,Romanizer,Medium,Not Attempted,BNP | 2024-oa,https://www.fastprep.io/problems/bnp-romanizer,javascript,,,2024-10-01T00:00:00.000Z
811b9d3b-d53a-41eb-b04a-bb84670bfb68,Largest Good,Medium,Not Attempted,BNP | 2024-oa,https://www.fastprep.io/problems/bnp-largest-good,javascript,,,2024-10-01T00:00:00.000Z
2563a3da-04ce-465e-8d2a-7905cf2ba656,Enhance Luminescence,Medium,Not Attempted,Rubrik | 2024-oa,https://www.fastprep.io/problems/rubrik-enhance-luminescence,javascript,,,2024-10-01T00:00:00.000Z
5f0e4870-46ff-4049-95fe-15d2e3fe6f07,Maximize Stellar Gradient,Medium,Not Attempted,Rubrik | 2024-oa,https://www.fastprep.io/problems/rubrik-maximize-stellar-gradient,javascript,,,2024-10-01T00:00:00.000Z
db296db9-d16d-42fb-a9f5-133e1a45702f,Salvage Humankind,Medium,Not Attempted,Rubrik | 2024-oa,https://www.fastprep.io/problems/rubrik-salvage-humankind,javascript,,,2024-10-01T00:00:00.000Z
d4e0b860-0077-4c4a-8419-9bc80b5d666e,Mike and Gems,Medium,Not Attempted,Rubrik | 2024-oa,https://www.fastprep.io/problems/rubrik-mike-and-gems,javascript,,,2024-10-01T00:00:00.000Z
1677eac0-cab7-47ad-99ca-b0c759d7595f,Key Sum Management,Medium,Not Attempted,Rubrik | 2024-oa,https://www.fastprep.io/problems/rubrik-key-sum-management,javascript,,,2024-10-01T00:00:00.000Z
5fd3b05a-c88f-4b3f-9890-a2bef80a276a,Unaligned Dedupe,Medium,Not Attempted,Rubrik | 2024-oa,https://www.fastprep.io/problems/rubrik-unaligned-dedupe,javascript,,,2024-10-01T00:00:00.000Z
a15391a3-ab39-414e-8b99-f9210b29eb27,Bitonic Partitioning,Medium,Not Attempted,Rubrik | 2024-oa,https://www.fastprep.io/problems/rubrik-bitonic-partitioning,javascript,,,2024-10-01T00:00:00.000Z
6a635c56-58fa-46bd-ba74-fa8cf4660bfb,Chain Merge,Medium,Not Attempted,Rubrik | 2024-oa,https://www.fastprep.io/problems/rubrik-chain-merge,javascript,,,2024-10-01T00:00:00.000Z
12fef499-8f8c-435f-a9d2-a5776f9acebd,The Oracle,Medium,Not Attempted,Rubrik | 2024-oa,https://www.fastprep.io/problems/rubrik-the-oracle,javascript,,,2024-10-01T00:00:00.000Z
79ff4f8a-130d-4d9a-840d-51809ea34ffe,Redistribute Megasseds,Medium,Not Attempted,Rubrik | 2024-oa,https://www.fastprep.io/problems/rubrik-redistribute-megaseeds,javascript,,,2024-10-01T00:00:00.000Z
9f049525-e136-4ddb-a9de-3e4672c3b63e,Anti Aging Serum,Medium,Not Attempted,Rubrik | 2024-oa,https://www.fastprep.io/problems/rubrik-anti-aging-serum,javascript,,,2024-10-01T00:00:00.000Z
651fdcf4-87a5-47c6-8466-14fdaa02d784,Save the Universe,Medium,Not Attempted,Rubrik | 2024-oa,https://www.fastprep.io/problems/rubrik-save-the-universe,javascript,,,2024-10-01T00:00:00.000Z
19b8864e-eddf-4ba0-ae0e-1af6c048f6e6,Last Stone Weight,Medium,Not Attempted,FactSet | 2024-oa,https://www.fastprep.io/problems/factset-last-stone-weight,javascript,,,2024-10-01T00:00:00.000Z
de1a0a15-96e0-45e4-9be4-9fac6ddef9ca,Largest Square of Ones,Medium,Not Attempted,FactSet | 2024-oa,https://www.fastprep.io/problems/factset-largest-square-of-1s,javascript,,,2024-10-01T00:00:00.000Z
5f2dcfe5-bd35-4544-a819-dd9f7b8fb59b,Phone Album,Medium,Not Attempted,FactSet | 2024-oa,https://www.fastprep.io/problems/factset-photo-album,javascript,,,2024-10-01T00:00:00.000Z
469c398e-2d91-4a92-83aa-3eb8cb79e6e7,Smallest Number Greater Thank K,Medium,Not Attempted,Accenture | 2024-oa,https://www.fastprep.io/problems/accenture-smallest-number-greater-than-k,javascript,,,2024-10-01T00:00:00.000Z
a111beda-c39e-4328-a527-2d298a80fe92,Eric's Sequence,Medium,Not Attempted,Codeium | 2024-oa,https://www.fastprep.io/problems/codeium-erics-sequence,javascript,,,2024-10-01T00:00:00.000Z
9c454df9-3a05-4b7c-8c5e-faaae80c3ce6,Generate Matrix B,Medium,Not Attempted,Arista Networks | Arrays | 2024-oa,https://www.fastprep.io/problems/aristanetworks-generate-matrix-b,javascript,,,2024-10-01T00:00:00.000Z
234eb34a-7b43-455b-b286-0145dd26e049,Maximize Sum of Processed Times,Medium,Not Attempted,Agoda | 2024-oa,https://www.fastprep.io/problems/agoda-maximize-sum-of-processed-times,javascript,,,2024-10-01T00:00:00.000Z
81528743-d653-47d8-96f4-dc2525f3c774,Minimize Multiples of Three,Medium,Not Attempted,Toshiba | 2024-oa,https://www.fastprep.io/problems/toshiba-minimize-multiples-of-three,javascript,,,2024-10-01T00:00:00.000Z
965f9e73-d464-40e2-9767-8bb993f84007,Maixmize the Hits,Medium,Not Attempted,OpenAI | 2024-oa,https://www.fastprep.io/problems/openai-maximize-the-hits,javascript,,,2024-10-01T00:00:00.000Z
155217b2-4b15-4964-b528-d75d4e4a823b,Num of Divisible Substrings,Medium,Not Attempted,Wayfair | Strings | Trees | 2024-oa,https://www.fastprep.io/problems/wayfair-number-of-divisible-substrings,javascript,,,2024-10-01T00:00:00.000Z
86b319b8-d495-41ef-a2d9-f49bd160a274,DFS Substring of A String,Medium,Not Attempted,Wayfair | Strings | Trees | 2024-oa,https://www.fastprep.io/problems/wayfair-dfs-subsequences-of-a-string,javascript,,,2024-10-01T00:00:00.000Z
b97f0e7c-5b55-466c-a9e7-eb6fb74cc1c5,Empty Shelf,Medium,Not Attempted,Squarepoint | 2024-oa,https://www.fastprep.io/problems/squarepoint-empty-shelf,javascript,,,2024-10-01T00:00:00.000Z
88f1e7c6-8abf-4112-9e3c-2f1c5a54db64,Suggested Products,Medium,Not Attempted,Squarepoint | 2024-oa,https://www.fastprep.io/problems/squarepoint-suggested-products,javascript,,,2024-10-01T00:00:00.000Z
1e0b101f-936b-4e14-9891-9751b1a1e58a,Rank Secondary Popularity,Medium,Not Attempted,Expedia | 2024-oa,https://www.fastprep.io/problems/expedia-rank-songs-by-popularity,javascript,,,2024-10-01T00:00:00.000Z
c776d9ee-1776-41eb-9129-951461ff4630,Get Min Steps,Medium,Not Attempted,Expedia | 2024-oa,https://www.fastprep.io/problems/expedia-get-min-steps,javascript,,,2024-10-01T00:00:00.000Z
b1f26e73-d471-463f-97b5-d6686edd3081,Get Max Efficiency,Medium,Not Attempted,Expedia | 2024-oa,https://www.fastprep.io/problems/expedia-get-max-efficiency,javascript,,,2024-10-01T00:00:00.000Z
63fa1827-5c9d-4d63-a46e-9c783d43bff8,Calculate the Sum,Medium,Not Attempted,Expedia | 2024-oa,https://www.fastprep.io/problems/expedia-calculate-the-sum,javascript,,,2024-10-01T00:00:00.000Z
07c6532a-dbc0-436f-8889-9daf1c8f78f0,Allocate Wells,Medium,Not Attempted,Wells Fargo | 2024-oa,https://www.fastprep.io/problems/wellsfargo-fair-distribution,javascript,,,2024-10-01T00:00:00.000Z
a072b011-5498-4278-870d-eb5adf94106a,Find Affected Systems,Easy,Not Attempted,Wells Fargo | 2024-oa,https://www.fastprep.io/problems/wellsfargo-shot-on-mi-a3-ai-triple-camera,javascript,,,2024-10-01T00:00:00.000Z
30da7be3-de20-407d-a92e-a5aa2309c2b9,Max Distance,Medium,Not Attempted,Wells Fargo | 2024-oa,https://www.fastprep.io/problems/wellsfargo-find-maximum-distance,javascript,,,2024-10-01T00:00:00.000Z
e24b25ed-8827-4acd-af3f-e0dea7f23683,Count Operations,Easy,Not Attempted,Wells Fargo | 2024-oa,https://www.fastprep.io/problems/wellsfargo-count-operations,javascript,,,2024-10-01T00:00:00.000Z
6fd0094f-029a-40e6-b037-18c505c9e9d1,Get Substring,Medium,Not Attempted,Wells Fargo | Strings | Trees | 2024-oa,https://www.fastprep.io/problems/wellsfargo-get-substring,javascript,,,2024-10-01T00:00:00.000Z
f88face2-998c-495e-91fa-97333ad8c76f,Sum of Compressed Num for All Subarrays,Medium,Not Attempted,Wells Fargo | Arrays | 2024-oa,https://www.fastprep.io/problems/wellsfargo-sum-of-compressed-number-for-all-subarrays,javascript,,,2024-10-01T00:00:00.000Z
505073e7-064a-4aa2-9844-4b1c15ff4ce5,Minimize Computation Time,Medium,Not Attempted,Patreon | 2024-oa,https://www.fastprep.io/problems/patreon-minimize-computation-time,javascript,,,2024-10-01T00:00:00.000Z
9d6d591e-3ecd-4c2a-8e17-e28a5e544914,Sum of Subarray Regions,Medium,Not Attempted,Patreon | Arrays | 2024-oa,https://www.fastprep.io/problems/patreon-sum-of-subarray-regions,javascript,,,2024-10-01T00:00:00.000Z
90193628,Determine the Edit Distance in a Word Ladder (Adobe),Medium,Not Attempted,Adobe | 2026-oa,https://www.fastprep.io/problems/adobe-determine-edit-distance-in-word-ladder,javascript,,,2026-05-31T14:12:59.872Z
90193629,Unique Digits in Range (Agoda),Medium,Not Attempted,Agoda | 2026-oa,https://www.fastprep.io/problems/agoda-unique-digits-in-range,javascript,,,2026-05-31T14:12:59.872Z
90193630,Two-Core Process Assignment (Agoda),Medium,Not Attempted,Agoda | 2026-oa,https://www.fastprep.io/problems/agoda-two-core-process-assignment,javascript,,,2026-05-31T14:12:59.872Z
90193631,Team Formation (Agoda),Medium,Not Attempted,Agoda | 2026-oa,https://www.fastprep.io/problems/agoda-team-formation,javascript,,,2026-05-31T14:12:59.872Z
90193632,Print Sentences as Table (Airbnb),Medium,Not Attempted,Airbnb | 2026-oa,https://www.fastprep.io/problems/airbnb-print-sentences-as-table,javascript,,,2026-05-31T14:12:59.872Z
90193633,Approximate Percentiles (Airtable),Medium,Not Attempted,Airtable | 2026-oa,https://www.fastprep.io/problems/airtable-approximate-percentiles,javascript,,,2026-05-31T14:12:59.872Z
90193634,Get Most Hydrated Team (Airtable),Medium,Not Attempted,Airtable | 2026-oa,https://www.fastprep.io/problems/airtable-get-mostp-hydrated-team,javascript,,,2026-05-31T14:12:59.872Z
90193635,Table Editing (Airtable),Medium,Not Attempted,Airtable | 2026-oa,https://www.fastprep.io/problems/airtable-percentiles,javascript,,,2026-05-31T14:12:59.872Z
90193636,Maximum Difference (Akuna),Medium,Not Attempted,Akuna | 2026-oa,https://www.fastprep.io/problems/akuna-maximum-difference,javascript,,,2026-05-31T14:12:59.872Z
90193637,Product Category Group Sizes (Amazon),Medium,Not Attempted,Amazon | 2026-oa,https://www.fastprep.io/problems/amazon-product-category-groups,javascript,,,2026-05-31T14:12:59.874Z
90193638,Count Connected Components (Amazon),Medium,Not Attempted,Amazon | 2026-oa,https://www.fastprep.io/problems/amazon-count-connected-components,javascript,,,2026-05-31T14:12:59.874Z
90193639,Unique Pairs With Target Sum (Amazon),Medium,Not Attempted,Amazon | 2026-oa,https://www.fastprep.io/problems/amazon-unique-pairs-with-target-sum,javascript,,,2026-05-31T14:12:59.874Z
90193640,Make Value Groups Contiguous (Amazon),Medium,Not Attempted,Amazon | 2026-oa,https://www.fastprep.io/problems/amazon-make-value-groups-contiguous,javascript,,,2026-05-31T14:12:59.874Z
90193641,Maximize Protected City Population (Amazon),Medium,Not Attempted,Amazon | 2026-oa,https://www.fastprep.io/problems/amazon-maximize-protected-city-population,javascript,,,2026-05-31T14:12:59.874Z
90193642,Minimum Cost to Convert Products to Variant A (Amazon),Medium,Not Attempted,Amazon | 2026-oa,https://www.fastprep.io/problems/amazon-minimum-cost-to-convert-products-to-variant-a,javascript,,,2026-05-31T14:12:59.874Z
90193643,Minimum Preparation Time for Two Handlers (Amazon),Medium,Not Attempted,Amazon | 2026-oa,https://www.fastprep.io/problems/amazon-minimum-preparation-time-for-two-handlers,javascript,,,2026-05-31T14:12:59.874Z
90193644,Sum Max Plus Min After Decrement Operations (Amazon),Medium,Not Attempted,Amazon | 2026-oa,https://www.fastprep.io/problems/amazon-sum-max-plus-min-after-decrement-operations,javascript,,,2026-05-31T14:12:59.874Z
90193645,Make Power Non Decreasing (Amazon),Medium,Not Attempted,Amazon | 2026-oa,https://www.fastprep.io/problems/1.amazon-make-power-non-decreasing,javascript,,,2026-05-31T14:12:59.874Z
90193646,Sort Error Codes by Frequency (Amazon),Medium,Not Attempted,Amazon | 2026-oa,https://www.fastprep.io/problems/amazon-sort-error-codes-by-frequency,javascript,,,2026-05-31T14:12:59.874Z
90193647,The Best Way To Pack (Amazon),Medium,Not Attempted,Amazon | 2026-oa,https://www.fastprep.io/problems/amazon-best-way-to-pack,javascript,,,2026-05-31T14:12:59.874Z
90193648,Package Delivery System (Amazon),Medium,Not Attempted,Amazon | 2026-oa,https://www.fastprep.io/problems/amazon-package-delivery-system,javascript,,,2026-05-31T14:12:59.874Z
90193649,VM Rental Revenue (Amazon),Medium,Not Attempted,Amazon | 2026-oa,https://www.fastprep.io/problems/amazon-vm-rental-revenue,javascript,,,2026-05-31T14:12:59.874Z
90193650,Maximize Pages Before Suspension (Amazon),Medium,Not Attempted,Amazon | 2026-oa,https://www.fastprep.io/problems/amazon-maximize-pages-before-suspension,javascript,,,2026-05-31T14:12:59.874Z
90193651,Predict Answer (Amazon),Medium,Not Attempted,Amazon | 2026-oa,https://www.fastprep.io/problems/amazon-predict-answer,javascript,,,2026-05-31T14:12:59.874Z
90193652,Minimum Total Packaging Effort (Amazon),Medium,Not Attempted,Amazon | 2026-oa,https://www.fastprep.io/problems/amazon-minimum-total-packaging-effort,javascript,,,2026-05-31T14:12:59.874Z
90193653,Get Min Subsegments (Amazon),Medium,Not Attempted,Amazon | 2026-oa,https://www.fastprep.io/problems/amazon-get-min-subsegments,javascript,,,2026-05-31T14:12:59.874Z
90193654,Find Security Level (Amazon),Medium,Not Attempted,Amazon | 2026-oa,https://www.fastprep.io/problems/amazon-find-security-level,javascript,,,2026-05-31T14:12:59.874Z
90193655,Find Hash (Amazon),Medium,Not Attempted,Amazon | 2026-oa,https://www.fastprep.io/problems/amazon-find-hash,javascript,,,2026-05-31T14:12:59.874Z
90193656,Minimize Variation (Amazon),Medium,Not Attempted,Amazon | 2026-oa,https://www.fastprep.io/problems/amazon-minimize-variation,javascript,,,2026-05-31T14:12:59.874Z
90193657,Find Minimum Days (Amazon),Medium,Not Attempted,Amazon | 2026-oa,https://www.fastprep.io/problems/amazon-find-minimum-days,javascript,,,2026-05-31T14:12:59.874Z
90193658,Split Prefix Suffix (Amazon),Medium,Not Attempted,Amazon | 2026-oa,https://www.fastprep.io/problems/amazon-split-prefix-suffix,javascript,,,2026-05-31T14:12:59.874Z
90193659,Find Minimum Machine Sizes (Amazon),Medium,Not Attempted,Amazon | 2026-oa,https://www.fastprep.io/problems/amazon-find-minimum-machines-size,javascript,,,2026-05-31T14:12:59.874Z
90193660,Server Selections (Amazon),Medium,Not Attempted,Amazon | 2026-oa,https://www.fastprep.io/problems/amazon-server-selection,javascript,,,2026-05-31T14:12:59.874Z
90193661,Count Special Substrings (Amazon),Medium,Not Attempted,Amazon | 2026-oa,https://www.fastprep.io/problems/amazon-count-special-substrs,javascript,,,2026-05-31T14:12:59.874Z
90193662,Get Maximum Count (Amazon),Medium,Not Attempted,Amazon | 2026-oa,https://www.fastprep.io/problems/amazon-get-maximum-count,javascript,,,2026-05-31T14:12:59.874Z
90193663,Determine the Best Skipping Strategy (Amazon),Medium,Not Attempted,Amazon | 2026-oa,https://www.fastprep.io/problems/amazon-determine-the-best-skipping-strategy,javascript,,,2026-05-31T14:12:59.874Z
90193664,Find Number of Compatible Substrings (Amazon),Medium,Not Attempted,Amazon | 2026-oa,https://www.fastprep.io/problems/1.amazon-find-number-of-compatible-substrings,javascript,,,2026-05-31T14:12:59.874Z
90193665,Minimum Connected Delivery Zones After Adding One Interval (Amazon),Medium,Not Attempted,Amazon | 2026-oa,https://www.fastprep.io/problems/1.amazon-min-disconnected-sets,javascript,,,2026-05-31T14:12:59.874Z
90193666,Find Maximum Score (Amazon),Medium,Not Attempted,Amazon | 2026-oa,https://www.fastprep.io/problems/1.amazon-find-maximum-score,javascript,,,2026-05-31T14:12:59.874Z
90193667,Lexicographically Maximal Resulting Array (Amazon),Medium,Not Attempted,Amazon | 2026-oa,https://www.fastprep.io/problems/1.amazon-lexicographically-maximal-resulting-array,javascript,,,2026-05-31T14:12:59.874Z
90193668,Min Dock Bays (Amazon),Medium,Not Attempted,Amazon | 2026-oa,https://www.fastprep.io/problems/amazon-get-minimum-dock-bays,javascript,,,2026-05-31T14:12:59.874Z
90193669,Find Idle Skill Query (Amazon),Medium,Not Attempted,Amazon | 2026-oa,https://www.fastprep.io/problems/amazon-find-idle-skills-query,javascript,,,2026-05-31T14:12:59.874Z
90193670,Compute Beauty of Array Products (Amazon),Medium,Not Attempted,Amazon | 2026-oa,https://www.fastprep.io/problems/amazon-compute-beauty-of-array-products,javascript,,,2026-05-31T14:12:59.874Z
90193671,Min Num Unique Distribution Hubs (Amazon),Medium,Not Attempted,Amazon | 2026-oa,https://www.fastprep.io/problems/amazon-get-minimum-number-of-unique-distribution-centers,javascript,,,2026-05-31T14:12:59.874Z
90193672,Use Minimum Tokens (Amazon),Medium,Not Attempted,Amazon | 2026-oa,https://www.fastprep.io/problems/amazon-use-minimum-tokens,javascript,,,2026-05-31T14:12:59.874Z
90193673,Next Perfect String (Amazon),Medium,Not Attempted,Amazon | 2026-oa,https://www.fastprep.io/problems/amazon-next-greater-perfect-string,javascript,,,2026-05-31T14:12:59.874Z
90193674,Find Max Num Of Servers (Amazon),Medium,Not Attempted,Amazon | 2026-oa,https://www.fastprep.io/problems/amazon-find-maximum-number-of-servers,javascript,,,2026-05-31T14:12:59.874Z
90193675,Remove Characters in Frequency Order (Amazon),Medium,Not Attempted,Amazon | 2026-oa,https://www.fastprep.io/problems/amazon-remove-characters-in-frequency-order,javascript,,,2026-05-31T14:12:59.874Z
90193676,Count Failed Executions (Amazon),Medium,Not Attempted,Amazon | 2026-oa,https://www.fastprep.io/problems/amazon-count-failed-executions,javascript,,,2026-05-31T14:12:59.874Z
90193677,Optimal Utilization (Amazon),Medium,Not Attempted,Amazon | 2026-oa,https://www.fastprep.io/problems/amazon-optimal-utilization,javascript,,,2026-05-31T14:12:59.874Z
90193678,Ways to Select Fleet (Amazon),Medium,Not Attempted,Amazon | 2026-oa,https://www.fastprep.io/problems/amazon-count-ways-to-select-fleet,javascript,,,2026-05-31T14:12:59.874Z
90193679,Buy Servers (Amazon),Medium,Not Attempted,Amazon | 2026-oa,https://www.fastprep.io/problems/amazon-purchase-servers,javascript,,,2026-05-31T14:12:59.874Z
90193680,Help AMZ Find Min Time Again (Amazon),Medium,Not Attempted,Amazon | 2026-oa,https://www.fastprep.io/problems/amazon-help-find-min-time-again,javascript,,,2026-05-31T14:12:59.874Z
90193681,Min Retailers (Amazon),Medium,Not Attempted,Amazon | 2026-oa,https://www.fastprep.io/problems/amazon-minimum-retailers,javascript,,,2026-05-31T14:12:59.874Z
90193682,Cinema Shows (Amazon),Medium,Not Attempted,Amazon | 2026-oa,https://www.fastprep.io/problems/amazon-cinema-shows,javascript,,,2026-05-31T14:12:59.874Z
90193683,Find Replacement (Amazon),Medium,Not Attempted,Amazon | 2026-oa,https://www.fastprep.io/problems/amazon-find-min-replacements,javascript,,,2026-05-31T14:12:59.874Z
90193684,Good String (Amazon),Medium,Not Attempted,Amazon | 2026-oa,https://www.fastprep.io/problems/amazon-convert-to-good-string,javascript,,,2026-05-31T14:12:59.874Z
90193685,Max Sum of Non-overlapping Intervals (Amazon),Medium,Not Attempted,Amazon | 2026-oa,https://www.fastprep.io/problems/amazon-max-sum-of-non-overlapping-intervals,javascript,,,2026-05-31T14:12:59.874Z
90193686,Find Min Max Difference (Amazon),Medium,Not Attempted,Amazon | 2026-oa,https://www.fastprep.io/problems/amazon-find-min-max-difference,javascript,,,2026-05-31T14:12:59.874Z
90193687,Get Minimal Cost (Amazon),Medium,Not Attempted,Amazon | 2026-oa,https://www.fastprep.io/problems/amazon-get-minimal-cost,javascript,,,2026-05-31T14:12:59.874Z
90193688,Make Array Distinct (Amazon),Medium,Not Attempted,Amazon | 2026-oa,https://www.fastprep.io/problems/amazon-make-array-distinct,javascript,,,2026-05-31T14:12:59.874Z
90193689,Find Least Possible Vulnerability (Amazon),Medium,Not Attempted,Amazon | 2026-oa,https://www.fastprep.io/problems/amazon-find-least-possible-vulnerability,javascript,,,2026-05-31T14:12:59.874Z
90193690,Number Of Well Performing Groups (Amazon),Medium,Not Attempted,Amazon | 2026-oa,https://www.fastprep.io/problems/amazon-number-of-well-performing-groups,javascript,,,2026-05-31T14:12:59.874Z
90193691,Ensure Non Zero Load Sum (Amazon),Medium,Not Attempted,Amazon | 2026-oa,https://www.fastprep.io/problems/amazon-ensure-non-zero-load-sum,javascript,,,2026-05-31T14:12:59.874Z
90193692,Get Max Increments (Amazon),Medium,Not Attempted,Amazon | 2026-oa,https://www.fastprep.io/problems/amazon-get-max-increments,javascript,,,2026-05-31T14:12:59.874Z
90193693,Password Strength (Amazon),Medium,Not Attempted,Amazon | 2026-oa,https://www.fastprep.io/problems/amazon-password-strength,javascript,,,2026-05-31T14:12:59.874Z
90193694,Trader Joe Trades (Amazon),Medium,Not Attempted,Amazon | 2026-oa,https://www.fastprep.io/problems/amazon-trader-joe-trades,javascript,,,2026-05-31T14:12:59.874Z
90193695,Optimal Level (Amazon),Medium,Not Attempted,Amazon | 2026-oa,https://www.fastprep.io/problems/amazon-find-optimal-level,javascript,,,2026-05-31T14:12:59.874Z
90193696,Min Operation (Amazon),Medium,Not Attempted,Amazon | 2026-oa,https://www.fastprep.io/problems/amazon-min-operation,javascript,,,2026-05-31T14:12:59.874Z
90193697,All About Rewards (Amazon),Medium,Not Attempted,Amazon | 2026-oa,https://www.fastprep.io/problems/amazon-all-about-rewards,javascript,,,2026-05-31T14:12:59.874Z
90193698,Compute Least Truck Count (Amazon),Medium,Not Attempted,Amazon | 2026-oa,https://www.fastprep.io/problems/amazon-get-minimum-number-of-trucks,javascript,,,2026-05-31T14:12:59.874Z
90193699,Inventory Processes Survival Possibility (Amazon),Medium,Not Attempted,Amazon | 2026-oa,https://www.fastprep.io/problems/amazon-inventory-processes-survival-possibility,javascript,,,2026-05-31T14:12:59.874Z
90193700,All About Medians (Amazon),Medium,Not Attempted,Amazon | 2026-oa,https://www.fastprep.io/problems/amazon-medians,javascript,,,2026-05-31T14:12:59.874Z
90193701,Get Largest Number (Amazon),Medium,Not Attempted,Amazon | 2026-oa,https://www.fastprep.io/problems/amazon-find-partition-cost,javascript,,,2026-05-31T14:12:59.874Z
90193702,Get The Most Out Of The Data (Amazon),Medium,Not Attempted,Amazon | 2026-oa,https://www.fastprep.io/problems/amazon-get-most-out-of-the-data,javascript,,,2026-05-31T14:12:59.874Z
90193703,Max Number of Products You can Pick (Amazon),Medium,Not Attempted,Amazon | 2026-oa,https://www.fastprep.io/problems/amazon-maximum-number-of-products-you-can-pick,javascript,,,2026-05-31T14:12:59.874Z
90193704,Maximize Sum of Array Multiplication (Amazon),Medium,Not Attempted,Amazon | 2026-oa,https://www.fastprep.io/problems/amazon-maximize-sum-of-array-multiplication,javascript,,,2026-05-31T14:12:59.874Z
90193705,Sum of Max Subarrys (Amazon),Medium,Not Attempted,Amazon | 2026-oa,https://www.fastprep.io/problems/amazon-sum-of-max-subarrays,javascript,,,2026-05-31T14:12:59.874Z
90193706,Get Maximum (Amazon),Medium,Not Attempted,Amazon | 2026-oa,https://www.fastprep.io/problems/amazon-get-maximum,javascript,,,2026-05-31T14:12:59.874Z
90193707,Count Secured Strings (Amazon),Medium,Not Attempted,Amazon | 2026-oa,https://www.fastprep.io/problems/amazon-count-secured-strings,javascript,,,2026-05-31T14:12:59.874Z
90193708,Get Min Score (Amazon),Medium,Not Attempted,Amazon | 2026-oa,https://www.fastprep.io/problems/amazon-get-min-score1.1,javascript,,,2026-05-31T14:12:59.874Z
90193709,Equal Products (Amazon),Medium,Not Attempted,Amazon | 2026-oa,https://www.fastprep.io/problems/amazon-equal-products,javascript,,,2026-05-31T14:12:59.874Z
90193710,Looking for a Matching Score (Amazon),Medium,Not Attempted,Amazon | 2026-oa,https://www.fastprep.io/problems/looking-for-a-matching-score,javascript,,,2026-05-31T14:12:59.874Z
90193711,Min Operations to Make the Integer Zero (Amazon),Medium,Not Attempted,Amazon | 2026-oa,https://www.fastprep.io/problems/amazon-minimum-operations-to-make-the-integer-zero,javascript,,,2026-05-31T14:12:59.874Z
90193712,Find Sum of System Volnerability (Amazon),Medium,Not Attempted,Amazon | 2026-oa,https://www.fastprep.io/problems/amazon-find-sum-of-system-vulnerability,javascript,,,2026-05-31T14:12:59.874Z
90193713,Maximize Product of Sizes of Subtrees (Amazon),Medium,Not Attempted,Amazon | 2026-oa,https://www.fastprep.io/problems/amazon-maximize-product-of-sizes-of-subtrees,javascript,,,2026-05-31T14:12:59.874Z
90193714,Min Energy Cost (Amazon),Medium,Not Attempted,Amazon | 2026-oa,https://www.fastprep.io/problems/amazon-minimum-energy-cost,javascript,,,2026-05-31T14:12:59.874Z
90193715,Optimal Interval Difference (Amazon),Medium,Not Attempted,Amazon | 2026-oa,https://www.fastprep.io/problems/amazon-optimal-interval-difference,javascript,,,2026-05-31T14:12:59.874Z
90193716,Calculate Max Salary (Amazon),Medium,Not Attempted,Amazon | 2026-oa,https://www.fastprep.io/problems/amazon-calculate-max-salary,javascript,,,2026-05-31T14:12:59.874Z
90193717,Get Largest Index Len (Amazon),Medium,Not Attempted,Amazon | 2026-oa,https://www.fastprep.io/problems/amazon-get-largest-index-len,javascript,,,2026-05-31T14:12:59.874Z
90193718,Find Max Value (Amazon),Medium,Not Attempted,Amazon | 2026-oa,https://www.fastprep.io/problems/amazon-find-max-value,javascript,,,2026-05-31T14:12:59.874Z
90193719,Get Max Events (Amazon),Medium,Not Attempted,Amazon | 2026-oa,https://www.fastprep.io/problems/amazon-get-maximum-events,javascript,,,2026-05-31T14:12:59.874Z
90193720,Discount Events (Amazon),Medium,Not Attempted,Amazon | 2026-oa,https://www.fastprep.io/problems/amazon-discount-events,javascript,,,2026-05-31T14:12:59.874Z
90193721,Similar Text Substring Count (Amazon),Medium,Not Attempted,Amazon | 2026-oa,https://www.fastprep.io/problems/amazon-similar-text-substring-count,javascript,,,2026-05-31T14:12:59.874Z
90193722,Max Transfer Rate (Amazon),Medium,Not Attempted,Amazon | 2026-oa,https://www.fastprep.io/problems/amazon-max-transfer-rate,javascript,,,2026-05-31T14:12:59.874Z
90193723,Get Final Location (Amazon),Medium,Not Attempted,Amazon | 2026-oa,https://www.fastprep.io/problems/amazon-get-final-locations,javascript,,,2026-05-31T14:12:59.874Z
90193724,Get Number of Redundancy Free (Amazon),Medium,Not Attempted,Amazon | 2026-oa,https://www.fastprep.io/problems/amazon-get-number-redundancy-free,javascript,,,2026-05-31T14:12:59.874Z
90193725,Get Stable Periods Count (Amazon),Medium,Not Attempted,Amazon | 2026-oa,https://www.fastprep.io/problems/amazon-get-stable-periods-count,javascript,,,2026-05-31T14:12:59.874Z
90193726,Maximize Total Memory Points (Amazon),Medium,Not Attempted,Amazon | 2026-oa,https://www.fastprep.io/problems/amazon-maximize-total-memory-points.1,javascript,,,2026-05-31T14:12:59.874Z
90193727,Get Min Removals (Amazon),Medium,Not Attempted,Amazon | 2026-oa,https://www.fastprep.io/problems/amazon-get-min-removals,javascript,,,2026-05-31T14:12:59.874Z
90193728,Get Relative Ratings (Amazon),Medium,Not Attempted,Amazon | 2026-oa,https://www.fastprep.io/problems/amazon-get-relative-ratings,javascript,,,2026-05-31T14:12:59.874Z
90193729,Min Days to Deliver Parcels (Amazon),Medium,Not Attempted,Amazon | 2026-oa,https://www.fastprep.io/problems/amazon-min-days-to-deliver-parcels,javascript,,,2026-05-31T14:12:59.874Z
90193730,Calculate Max Profit (Amazon),Medium,Not Attempted,Amazon | 2026-oa,https://www.fastprep.io/problems/amazon-calculate-max-profit,javascript,,,2026-05-31T14:12:59.874Z
90193731,Min Operations (Amazon),Medium,Not Attempted,Amazon | 2026-oa,https://www.fastprep.io/problems/amazon-make-array-zero-by-subtracting-equal-amounts,javascript,,,2026-05-31T14:12:59.874Z
90193732,Get Max Stability (Amazon),Medium,Not Attempted,Amazon | 2026-oa,https://www.fastprep.io/problems/amazon-minimum-swaps-to-make-palindrome,javascript,,,2026-05-31T14:12:59.874Z
90193733,Get Max Stability (Amazon),Medium,Not Attempted,Amazon | 2026-oa,https://www.fastprep.io/problems/amazon-get-max-stability,javascript,,,2026-05-31T14:12:59.874Z
90193734,Find Length of Longest Self-Sufficient Proper Substring (Amazon),Medium,Not Attempted,Amazon | 2026-oa,https://www.fastprep.io/problems/amazon-find-length-of-longest-self-sufficient-proper-substring,javascript,,,2026-05-31T14:12:59.874Z
90193735,Find the longest possible regular expression (Amazon),Medium,Not Attempted,Amazon | 2026-oa,https://www.fastprep.io/problems/1.amazon-find-longest-regex,javascript,,,2026-05-31T14:12:59.874Z
90193736,Get Min Value (Amazon),Medium,Not Attempted,Amazon | 2026-oa,https://www.fastprep.io/problems/amazon-get-minimum-value,javascript,,,2026-05-31T14:12:59.874Z
90193737,Get Max Skill Sum (Amazon),Medium,Not Attempted,Amazon | 2026-oa,https://www.fastprep.io/problems/amazon-get-max-skill-sum,javascript,,,2026-05-31T14:12:59.874Z
90193738,Count Distinct Categories (Amazon),Medium,Not Attempted,Amazon | 2026-oa,https://www.fastprep.io/problems/amazon-count-distinct-categories,javascript,,,2026-05-31T14:12:59.874Z
90193739,Find Number (Amazon),Medium,Not Attempted,Amazon | 2026-oa,https://www.fastprep.io/problems/amazon-find-number,javascript,,,2026-05-31T14:12:59.874Z
90193740,Get Min Removal (Amazon),Medium,Not Attempted,Amazon | 2026-oa,https://www.fastprep.io/problems/amazon-get-min-removal,javascript,,,2026-05-31T14:12:59.874Z
90193741,Find Lexicographically Smallest String (Amazon),Medium,Not Attempted,Amazon | 2026-oa,https://www.fastprep.io/problems/amazon-find-lexicographically-smallest-string,javascript,,,2026-05-31T14:12:59.874Z
90193742,Find Password Strength (Amazon),Medium,Not Attempted,Amazon | 2026-oa,https://www.fastprep.io/problems/amazon-find-password-strength,javascript,,,2026-05-31T14:12:59.874Z
90193743,Get Max Sum Arr (Amazon),Medium,Not Attempted,Amazon | 2026-oa,https://www.fastprep.io/problems/amazon-get-max-sum-arr,javascript,,,2026-05-31T14:12:59.874Z
90193744,Perform Queries (Amazon),Medium,Not Attempted,Amazon | 2026-oa,https://www.fastprep.io/problems/amazon-perform-queries,javascript,,,2026-05-31T14:12:59.874Z
90193745,Get Min (Amazon),Medium,Not Attempted,Amazon | 2026-oa,https://www.fastprep.io/problems/get-min,javascript,,,2026-05-31T14:12:59.874Z
90193746,Calculate Max Quality Score (Amazon),Medium,Not Attempted,Amazon | 2026-oa,https://www.fastprep.io/problems/amazon-calculate-max-quality-score,javascript,,,2026-05-31T14:12:59.874Z
90193747,Data Dependence Sum (Amazon),Medium,Not Attempted,Amazon | 2026-oa,https://www.fastprep.io/problems/amazon-get-data-dependence-sum,javascript,,,2026-05-31T14:12:59.874Z
90193748,Longest Matching Regex (Amazon),Medium,Not Attempted,Amazon | 2026-oa,https://www.fastprep.io/problems/amazon-find-longest-matching-regex,javascript,,,2026-05-31T14:12:59.874Z
90193749,Max Efficiency Score (Amazon),Medium,Not Attempted,Amazon | 2026-oa,https://www.fastprep.io/problems/amazon-maximize-parentheses-efficiency-score,javascript,,,2026-05-31T14:12:59.874Z
90193750,Min Connection Cost (Amazon),Medium,Not Attempted,Amazon | 2026-oa,https://www.fastprep.io/problems/amazon-get-min-connection-cost,javascript,,,2026-05-31T14:12:59.874Z
90193751,Min Operations (Amazon),Medium,Not Attempted,Amazon | 2026-oa,https://www.fastprep.io/problems/amazon-get-min-operations2,javascript,,,2026-05-31T14:12:59.874Z
90193752,Min Cost (Amazon),Medium,Not Attempted,Amazon | 2026-oa,https://www.fastprep.io/problems/amazon-min-cost,javascript,,,2026-05-31T14:12:59.874Z
90193753,Sum of All Days Numbers on Which the Data of the Xth Will Be Dependent (Amazon),Medium,Not Attempted,Amazon | 2026-oa,https://www.fastprep.io/problems/amazon-sum-of-all-days-numbers-on-which-the-data-of-the-xth-will-be-dependent,javascript,,,2026-05-31T14:12:59.874Z
90193754,Optimize Identifiers (Amazon),Medium,Not Attempted,Amazon | 2026-oa,https://www.fastprep.io/problems/amazon-optimize-identifiers,javascript,,,2026-05-31T14:12:59.874Z
90193755,Min Insertions (Amazon),Medium,Not Attempted,Amazon | 2026-oa,https://www.fastprep.io/problems/amazon-minimum-insertions,javascript,,,2026-05-31T14:12:59.874Z
90193756,Find Encrypted Number (Amazon),Medium,Not Attempted,Amazon | 2026-oa,https://www.fastprep.io/problems/amazon-find-encrypted-number.1,javascript,,,2026-05-31T14:12:59.874Z
90193757,Find Obfuscate Message (Amazon),Medium,Not Attempted,Amazon | 2026-oa,https://www.fastprep.io/problems/amazon-find-obfuscate-message,javascript,,,2026-05-31T14:12:59.874Z
90193758,Min Chars to Append (Amazon),Medium,Not Attempted,Amazon | 2026-oa,https://www.fastprep.io/problems/amazon-determine-minimum-characters-to-append,javascript,,,2026-05-31T14:12:59.874Z
90193759,Buy Volumes (Amazon),Medium,Not Attempted,Amazon | 2026-oa,https://www.fastprep.io/problems/amazon-buy-volumes,javascript,,,2026-05-31T14:12:59.874Z
90193760,Reduce Memory Usage (Amazon),Medium,Not Attempted,Amazon | 2026-oa,https://www.fastprep.io/problems/amazon-reduce-memory-usage,javascript,,,2026-05-31T14:12:59.874Z
90193761,Count Dominant Substrings (Amazon),Medium,Not Attempted,Amazon | 2026-oa,https://www.fastprep.io/problems/amazon-count-dominant-substrings,javascript,,,2026-05-31T14:12:59.874Z
90193762,Get Min Change (Amazon),Medium,Not Attempted,Amazon | 2026-oa,https://www.fastprep.io/problems/amazon-get-minimum-changes,javascript,,,2026-05-31T14:12:59.874Z
90193763,Calculate Truck Distance (Amazon),Medium,Not Attempted,Amazon | 2026-oa,https://www.fastprep.io/problems/amazon-calculate-truck-distance,javascript,,,2026-05-31T14:12:59.874Z
90193764,Find Smallest Appealing (Amazon),Medium,Not Attempted,Amazon | 2026-oa,https://www.fastprep.io/problems/amazon-find-smallest-appealing,javascript,,,2026-05-31T14:12:59.874Z
90193765,Find Ideal Days (Amazon),Medium,Not Attempted,Amazon | 2026-oa,https://www.fastprep.io/problems/amazon-find-ideal-days,javascript,,,2026-05-31T14:12:59.874Z
90193766,Sum of Distinct Categories (Amazon),Medium,Not Attempted,Amazon | 2026-oa,https://www.fastprep.io/problems/amazon-sum-of-distinct-categories,javascript,,,2026-05-31T14:12:59.874Z
90193767,Get Max Throughput (Amazon),Medium,Not Attempted,Amazon | 2026-oa,https://www.fastprep.io/problems/amazon-get-max-throughput,javascript,,,2026-05-31T14:12:59.874Z
90193768,Get Min Moves (Amazon),Medium,Not Attempted,Amazon | 2026-oa,https://www.fastprep.io/problems/amazon-get-min-moves,javascript,,,2026-05-31T14:12:59.874Z
90193769,Minimize Effort (Amazon),Medium,Not Attempted,Amazon | 2026-oa,https://www.fastprep.io/problems/amazon-minimize-effort,javascript,,,2026-05-31T14:12:59.874Z
90193770,Find Dominance (Amazon),Medium,Not Attempted,Amazon | 2026-oa,https://www.fastprep.io/problems/amazon-find-dominance,javascript,,,2026-05-31T14:12:59.874Z
90193771,Get Num Perfect Packing (Amazon),Medium,Not Attempted,Amazon | 2026-oa,https://www.fastprep.io/problems/amazon-get-num-perfect-packaging,javascript,,,2026-05-31T14:12:59.874Z
90193772,Get Max Discount Pairs (Amazon),Medium,Not Attempted,Amazon | 2026-oa,https://www.fastprep.io/problems/amazon-get-max-discount-pairs,javascript,,,2026-05-31T14:12:59.874Z
90193773,Rooks Left (Amazon),Medium,Not Attempted,Amazon | 2026-oa,https://www.fastprep.io/problems/amazon-rooks-left,javascript,,,2026-05-31T14:12:59.874Z
90193774,Optimize Identifiers (Amazon),Medium,Not Attempted,Amazon | 2026-oa,https://www.fastprep.io/problems/amazon-optimized-identifiers,javascript,,,2026-05-31T14:12:59.874Z
90193775,Find Max Total Amount (Amazon),Medium,Not Attempted,Amazon | 2026-oa,https://www.fastprep.io/problems/amazon-find-maximum-total-amount,javascript,,,2026-05-31T14:12:59.874Z
90193776,Is Special Sequence (Amazon),Medium,Not Attempted,Amazon | 2026-oa,https://www.fastprep.io/problems/amazon-is-special-sequence,javascript,,,2026-05-31T14:12:59.874Z
90193777,Sort Permutation (Amazon),Medium,Not Attempted,Amazon | 2026-oa,https://www.fastprep.io/problems/amazon-sort-permutation,javascript,,,2026-05-31T14:12:59.874Z
90193778,Get Min Total Distance (Amazon),Medium,Not Attempted,Amazon | 2026-oa,https://www.fastprep.io/problems/amazon-get-min-total-distance.1,javascript,,,2026-05-31T14:12:59.874Z
90193779,Minimum Operations to Make Array Elements Zero (Amazon),Medium,Not Attempted,Amazon | 2026-oa,https://www.fastprep.io/problems/amazon-minimum-operations-to-make-array-elements-zero.1,javascript,,,2026-05-31T14:12:59.874Z
90193780,Maximum Number of Balanced Shipments (Amazon),Medium,Not Attempted,Amazon | 2026-oa,https://www.fastprep.io/problems/1.amazon-maximum-number-of-shipments,javascript,,,2026-05-31T14:12:59.874Z
90193781,Increase Solar Powered Light Bulbs (Amazon),Medium,Not Attempted,Amazon | 2026-oa,https://www.fastprep.io/problems/amazon-maximize-solar-powered-bulbs.1,javascript,,,2026-05-31T14:12:59.874Z
90193782,Find Min Operations (Amazon),Medium,Not Attempted,Amazon | 2026-oa,https://www.fastprep.io/problems/1.amazon-find-minimum-operations,javascript,,,2026-05-31T14:12:59.874Z
90193783,Get Longest Match (Amazon),Medium,Not Attempted,Amazon | 2026-oa,https://www.fastprep.io/problems/1.amazon-get-longest-match,javascript,,,2026-05-31T14:12:59.874Z
90193784,Remove Anagrams (Amazon),Medium,Not Attempted,Amazon | 2026-oa,https://www.fastprep.io/problems/1.amazon-remove-anagram,javascript,,,2026-05-31T14:12:59.874Z
90193785,Maximum Final (Amazon),Medium,Not Attempted,Amazon | 2026-oa,https://www.fastprep.io/problems/1.amazon-maximum-final,javascript,,,2026-05-31T14:12:59.874Z
90193786,Get Pairs Count (Amazon),Medium,Not Attempted,Amazon | 2026-oa,https://www.fastprep.io/problems/1.amazon-get-pairs-count,javascript,,,2026-05-31T14:12:59.874Z
90193787,Get Score Difference (Amazon),Medium,Not Attempted,Amazon | 2026-oa,https://www.fastprep.io/problems/1.amz-get-score-difference,javascript,,,2026-05-31T14:12:59.874Z
90193788,Cet Maximum Reward Points (Amazon),Medium,Not Attempted,Amazon | 2026-oa,https://www.fastprep.io/problems/get-max-reward-points.1,javascript,,,2026-05-31T14:12:59.874Z
90193789,Maximum Book Copies (Amazon),Medium,Not Attempted,Amazon | 2026-oa,https://www.fastprep.io/problems/1.max-book-copies,javascript,,,2026-05-31T14:12:59.874Z
90193790,In-Memory Database with Backup and Restore (Anthropic),Medium,Not Attempted,Anthropic | 2026-oa,https://www.fastprep.io/problems/anthropic-in-memory-database-backup-restore,javascript,,,2026-05-31T14:12:59.874Z
90193791,KV Store with Nested Transactions (Applied Intuition),Medium,Not Attempted,Applied Intuition | 2026-oa,https://www.fastprep.io/problems/applied-intuition-kv-store-nested-transactions,javascript,,,2026-05-31T14:12:59.874Z
90193792,Retention Policy Collision (Box),Medium,Not Attempted,Box | 2026-oa,https://www.fastprep.io/problems/box-find-remaining-policies,javascript,,,2026-05-31T14:12:59.874Z
90193793,Counterfeit Currency (Box),Medium,Not Attempted,Box | 2026-oa,https://www.fastprep.io/problems/box-count-counterfeit,javascript,,,2026-05-31T14:12:59.874Z
90193794,Box Fro~yo (Box),Medium,Not Attempted,Box | 2026-oa,https://www.fastprep.io/problems/box-flavor-changer,javascript,,,2026-05-31T14:12:59.874Z
90193795,Count Numbers with Even Number of Digits (Capital One),Medium,Not Attempted,Capital One | 2026-oa,https://www.fastprep.io/problems/capital-one-count-even-digit-numbers,javascript,,,2026-05-31T14:12:59.874Z
90193796,Queue Check-in Simulation with Capacity Limit (Capital One),Medium,Not Attempted,Capital One | 2026-oa,https://www.fastprep.io/problems/capital-one-queue-check-in-simulation,javascript,,,2026-05-31T14:12:59.874Z
90193797,Dynamic Wall Building and Range Query (Capital One),Medium,Not Attempted,Capital One | 2026-oa,https://www.fastprep.io/problems/capital-one-dynamic-wall-range-query,javascript,,,2026-05-31T14:12:59.874Z
90193798,Cyclic Shift to Strictly Descending Array (Capital One),Medium,Not Attempted,Capital One | 2026-oa,https://www.fastprep.io/problems/capital-one-cyclic-shift-strictly-descending,javascript,,,2026-05-31T14:12:59.874Z
90193799,Sum Digits Until One (Capital One),Medium,Not Attempted,Capital One | 2026-oa,https://www.fastprep.io/problems/capitalone-sum-digits-until-one,javascript,,,2026-05-31T14:12:59.874Z
90193800,Task Management System (Circle),Medium,Not Attempted,Circle | 2026-oa,https://www.fastprep.io/problems/circle-task-management-system,javascript,,,2026-05-31T14:12:59.874Z
90193801,User Quota Scheduling with Expiring Assignments (Circle),Medium,Not Attempted,Circle | 2026-oa,https://www.fastprep.io/problems/circle-user-quota-scheduling,javascript,,,2026-05-31T14:12:59.874Z
90193802,Flight Path Package Drop (Cisco),Medium,Not Attempted,Cisco | 2026-oa,https://www.fastprep.io/problems/cisco-maximum-drop-points-cover,javascript,,,2026-05-31T14:12:59.874Z
90193803,Maximum Chocolates from Jars (Cisco),Medium,Not Attempted,Cisco | 2026-oa,https://www.fastprep.io/problems/cisco-maximum-chocolates-from-jars,javascript,,,2026-05-31T14:12:59.874Z
90193804,Find Max Difference (Cisco),Medium,Not Attempted,Cisco | 2026-oa,https://www.fastprep.io/problems/cisco-find-maximum-difference,javascript,,,2026-05-31T14:12:59.874Z
90193805,Minimum Path Sum to Target in Binary Tree (Citadel),Medium,Not Attempted,Citadel | 2026-oa,https://www.fastprep.io/problems/citadel-minimum-path-sum-to-target-in-binary-tree,javascript,,,2026-05-31T14:12:59.874Z
90193806,Determine Min Partitions Required (Couldflare),Medium,Not Attempted,Couldflare | 2026-oa,https://www.fastprep.io/problems/cloudflare-determine-min-partitions-required,javascript,,,2026-05-31T14:12:59.874Z
90193807,Interval Usage with Non-Overlapping Overrides (Crusoe),Medium,Not Attempted,Crusoe | 2026-oa,https://www.fastprep.io/problems/crusoe-interval-usage-with-overrides,javascript,,,2026-05-31T14:12:59.874Z
90193808,Find First Anagram Index (Databricks),Medium,Not Attempted,Databricks | 2026-oa,https://www.fastprep.io/problems/databricks-find-first-anagram-index,javascript,,,2026-05-31T14:12:59.874Z
90193809,Log Ingestion and Query (Datadog),Medium,Not Attempted,Datadog | 2026-oa,https://www.fastprep.io/problems/datadog-log-ingestion-and-query,javascript,,,2026-05-31T14:12:59.874Z
90193810,Choose Max Ratings (DE Shaw),Medium,Not Attempted,DE Shaw | 2026-oa,https://www.fastprep.io/problems/deshaw-choose-max-ratings,javascript,,,2026-05-31T14:12:59.874Z
90193811,Optimizing Resource Allocation (Dell),Medium,Not Attempted,Dell | 2026-oa,https://www.fastprep.io/problems/dell-find-optimal-resources,javascript,,,2026-05-31T14:12:59.874Z
90193812,Count Binary Substrings (Dell),Medium,Not Attempted,Dell | 2026-oa,https://www.fastprep.io/problems/dell-get-substring-count,javascript,,,2026-05-31T14:12:59.874Z
90193813,Maximize Total Profit by Assigning Chefs to Dishes (DoorDash),Medium,Not Attempted,DoorDash | 2026-oa,https://www.fastprep.io/problems/doordash-maximize-total-profit-chef-dish-assignment,javascript,,,2026-05-31T14:12:59.874Z
90193814,Simplified Tetris Engine (DRW),Medium,Not Attempted,DRW | 2026-oa,https://www.fastprep.io/problems/drw-simplified-tetris-engine,javascript,,,2026-05-31T14:12:59.874Z
90193815,Find Reciprocal (DTCC),Medium,Not Attempted,DTCC | 2026-oa,https://www.fastprep.io/problems/dtcc-find-reciprocal,javascript,,,2026-05-31T14:12:59.874Z
90193816,Request Redirection (Epify),Medium,Not Attempted,Epify | 2026-oa,https://www.fastprep.io/problems/epifi-get-min-latency,javascript,,,2026-05-31T14:12:59.874Z
90193817,Pascal's Triangle (Ericsson),Medium,Not Attempted,Ericsson | 2026-oa,https://www.fastprep.io/problems/ericsson-pascals-triangle,javascript,,,2026-05-31T14:12:59.874Z
90193818,Top K Frequent Elements (Ericsson),Medium,Not Attempted,Ericsson | 2026-oa,https://www.fastprep.io/problems/ericsson-top-k-frequent-elements,javascript,,,2026-05-31T14:12:59.874Z
90193819,Compute Checksum Aggregation (Fortinet),Medium,Not Attempted,Fortinet | 2026-oa,https://www.fastprep.io/problems/fortinet-compute-checksum-aggregation,javascript,,,2026-05-31T14:12:59.874Z
90193820,Madam C.J. Walker's Business Plan (Fortinet),Medium,Not Attempted,Fortinet | 2026-oa,https://www.fastprep.io/problems/fortinet-calculate-maximum-profit,javascript,,,2026-05-31T14:12:59.874Z
90193821,K-Means Clustering (Fortinet),Medium,Not Attempted,Fortinet | 2026-oa,https://www.fastprep.io/problems/fortinet-get-maximum-distance,javascript,,,2026-05-31T14:12:59.874Z
90193822,Signal Pings (Fortinet),Medium,Not Attempted,Fortinet | 2026-oa,https://www.fastprep.io/problems/fortinet-get-required-sweeps,javascript,,,2026-05-31T14:12:59.874Z
90193823,Beautiful Strings (Fortinet),Medium,Not Attempted,Fortinet | 2026-oa,https://www.fastprep.io/problems/fortinet-maximize-beautiful-substrings,javascript,,,2026-05-31T14:12:59.874Z
90193824,Implement an LRU Cache (Geico),Medium,Not Attempted,Geico | 2026-oa,https://www.fastprep.io/problems/geico-implement-lru-cache,javascript,,,2026-05-31T14:12:59.875Z
90193825,Minimum Fence Painting Operations (Gemini),Medium,Not Attempted,Gemini | 2026-oa,https://www.fastprep.io/problems/gemini-minimum-fence-painting-operations,javascript,,,2026-05-31T14:12:59.875Z
90193826,Bridge Car Weight (GitHub),Medium,Not Attempted,GitHub | 2026-oa,https://www.fastprep.io/problems/github-brdige-car-weight,javascript,,,2026-05-31T14:12:59.875Z
90193827,Lock Code (Goldman Sachs),Medium,Not Attempted,Goldman Sachs | 2026-oa,https://www.fastprep.io/problems/goldman-decrypt-code-lock,javascript,,,2026-05-31T14:12:59.875Z
90193828,Log Buffer Analyzer (Goldman Sachs),Medium,Not Attempted,Goldman Sachs | 2026-oa,https://www.fastprep.io/problems/goldman-get-number-transmitted-logs,javascript,,,2026-05-31T14:12:59.875Z
90193829,Data Reorganization (Goldman Sachs),Medium,Not Attempted,Goldman Sachs | 2026-oa,https://www.fastprep.io/problems/goldman-get-minimum-value,javascript,,,2026-05-31T14:12:59.875Z
90193830,Find the Damaged Toy (Goldman Sachs),Medium,Not Attempted,Goldman Sachs | 2026-oa,https://www.fastprep.io/problems/goldman-find-the-damaged-toy,javascript,,,2026-05-31T14:12:59.875Z
90193831,Encode or Decode Message (Goldman Sachs),Medium,Not Attempted,Goldman Sachs | 2026-oa,https://www.fastprep.io/problems/goldman-encode-or-decode-message,javascript,,,2026-05-31T14:12:59.875Z
90193832,Detonate Bombs with Chain Reactions (Google),Medium,Not Attempted,Google | 2026-oa,https://www.fastprep.io/problems/google-detonate-bombs-chain-reaction,javascript,,,2026-05-31T14:12:59.875Z
90193833,Evaluate a Nested Math Expression (Google),Medium,Not Attempted,Google | 2026-oa,https://www.fastprep.io/problems/google-evaluate-nested-math-expression,javascript,,,2026-05-31T14:12:59.875Z
90193834,Shortest Path with Mandatory Waypoint (Google),Medium,Not Attempted,Google | 2026-oa,https://www.fastprep.io/problems/google-shortest-path-with-mandatory-waypoint,javascript,,,2026-05-31T14:12:59.875Z
90193835,Minimum Cars for Rental Requests (Google),Medium,Not Attempted,Google | 2026-oa,https://www.fastprep.io/problems/google-minimum-cars-for-rental-requests,javascript,,,2026-05-31T14:12:59.875Z
90193836,Find Min Possible Diameter (Google),Medium,Not Attempted,Google | 2026-oa,https://www.fastprep.io/problems/google-find-minimum-possible-diameter,javascript,,,2026-05-31T14:12:59.875Z
90193837,Search Suggestions System (Google),Medium,Not Attempted,Google | 2026-oa,https://www.fastprep.io/problems/1.google-search-suggestions-system,javascript,,,2026-05-31T14:12:59.875Z
90193838,Minimum Flips to Alternate Binary String (With K Flip Window) (Google),Medium,Not Attempted,Google | 2026-oa,https://www.fastprep.io/problems/1.google-minimum-flips-to-alternate-binary-string,javascript,,,2026-05-31T14:12:59.875Z
90193839,Generate Pattern Matching Strings (Google),Medium,Not Attempted,Google | 2026-oa,https://www.fastprep.io/problems/google-generate-pattern-matching-strings,javascript,,,2026-05-31T14:12:59.875Z
90193840,Split and Sort (Google),Medium,Not Attempted,Google | 2026-oa,https://www.fastprep.io/problems/google-split-and-sort,javascript,,,2026-05-31T14:12:59.875Z
90193841,Min Flips (Google),Medium,Not Attempted,Google | 2026-oa,https://www.fastprep.io/problems/google-min-flips-make-grid-palindrome,javascript,,,2026-05-31T14:12:59.875Z
90193842,Mnimize Total Time (Google),Medium,Not Attempted,Google | 2026-oa,https://www.fastprep.io/problems/google-minimize-total-time,javascript,,,2026-05-31T14:12:59.875Z
90193843,Nearest Value Replacement (Google),Medium,Not Attempted,Google | 2026-oa,https://www.fastprep.io/problems/google-nearest-value-replacement,javascript,,,2026-05-31T14:12:59.875Z
90193844,Min Operations (Google),Medium,Not Attempted,Google | 2026-oa,https://www.fastprep.io/problems/google-minimum-number-of-split-operations-to-make-array-sorted,javascript,,,2026-05-31T14:12:59.875Z
90193845,Can Fit Word (Google),Medium,Not Attempted,Google | 2026-oa,https://www.fastprep.io/problems/google-can-fit-the-word,javascript,,,2026-05-31T14:12:59.875Z
90193846,Is Balanced String (Google),Medium,Not Attempted,Google | 2026-oa,https://www.fastprep.io/problems/google-is-balanced-string,javascript,,,2026-05-31T14:12:59.875Z
90193847,Find Max Length of Subsequence (Google),Medium,Not Attempted,Google | 2026-oa,https://www.fastprep.io/problems/google-find-max-length-of-subsequence,javascript,,,2026-05-31T14:12:59.875Z
90193848,Number of Distinct Islands (Google),Medium,Not Attempted,Google | 2026-oa,https://www.fastprep.io/problems/google-number-of-distinct-islands,javascript,,,2026-05-31T14:12:59.875Z
90193849,Max Break Time (Google),Medium,Not Attempted,Google | 2026-oa,https://www.fastprep.io/problems/google-reschedule-k-meetings-to-find-maximum-break-time,javascript,,,2026-05-31T14:12:59.875Z
90193850,Reach the End In Time (Google),Medium,Not Attempted,Google | 2026-oa,https://www.fastprep.io/problems/google-reach-the-end-in-time,javascript,,,2026-05-31T14:12:59.875Z
90193851,Set Total Palindrome Tranformation Cost (Google),Medium,Not Attempted,Google | 2026-oa,https://www.fastprep.io/problems/google-set-total-palindrome-transformation-cost,javascript,,,2026-05-31T14:12:59.875Z
90193852,Find Optimal Input (Google),Medium,Not Attempted,Google | 2026-oa,https://www.fastprep.io/problems/google-find-optimal-input,javascript,,,2026-05-31T14:12:59.875Z
90193853,Calculate Min Satellites Required (Google),Medium,Not Attempted,Google | 2026-oa,https://www.fastprep.io/problems/google-calculate-minimum-satellites-required,javascript,,,2026-05-31T14:12:59.875Z
90193854,Get Meeting Intervals (Google),Medium,Not Attempted,Google | 2026-oa,https://www.fastprep.io/problems/google-get-meeting-intervals,javascript,,,2026-05-31T14:12:59.875Z
90193855,Get Components in Forest (Google),Medium,Not Attempted,Google | 2026-oa,https://www.fastprep.io/problems/google-get-components-in-forest,javascript,,,2026-05-31T14:12:59.875Z
90193856,Find Max Frequency (Google),Medium,Not Attempted,Google | 2026-oa,https://www.fastprep.io/problems/google-find-maximum-frequency-of-number,javascript,,,2026-05-31T14:12:59.875Z
90193857,Longest Non-Decreasing Subarray (Google),Medium,Not Attempted,Google | 2026-oa,https://www.fastprep.io/problems/google-find-maximum-length-of-non-decreasing-subarray-follow-up,javascript,,,2026-05-31T14:12:59.875Z
90193858,Find Maximum Length Of Non-Decreasing Subarray (Google),Medium,Not Attempted,Google | 2026-oa,https://www.fastprep.io/problems/google-find-maximum-length-of-non-decreasing-subarray,javascript,,,2026-05-31T14:12:59.875Z
90193859,Transform String (Google),Medium,Not Attempted,Google | 2026-oa,https://www.fastprep.io/problems/google-transform-string,javascript,,,2026-05-31T14:12:59.875Z
90193860,Build Maximum Integer (Google),Medium,Not Attempted,Google | 2026-oa,https://www.fastprep.io/problems/google-build-maximum-integer-from-subarray,javascript,,,2026-05-31T14:12:59.875Z
90193861,Maximize Points (Google),Medium,Not Attempted,Google | 2026-oa,https://www.fastprep.io/problems/google-maximize-points,javascript,,,2026-05-31T14:12:59.875Z
90193862,Find Contiguous Subarray With Largest Min Plux Max (Google),Medium,Not Attempted,Google | 2026-oa,https://www.fastprep.io/problems/google-find-contiguous-subarray-with-largest-min-plus-max,javascript,,,2026-05-31T14:12:59.875Z
90193863,Minimum Boys Next to Girls (Guidewire),Medium,Not Attempted,Guidewire | 2026-oa,https://www.fastprep.io/problems/guidewire-minimum-boys-next-to-girls,javascript,,,2026-05-31T14:12:59.875Z
90193864,Spreadsheet Formula Evaluator (Harvey),Medium,Not Attempted,Harvey | 2026-oa,https://www.fastprep.io/problems/harvey-spreadsheet-formula-evaluator,javascript,,,2026-05-31T14:12:59.875Z
90193865,Disaster Recovery (Headlands),Medium,Not Attempted,Headlands | 2026-oa,https://www.fastprep.io/problems/headlands-disaster-recovery,javascript,,,2026-05-31T14:12:59.875Z
90193866,Flower Bouquets (HSBC),Medium,Not Attempted,HSBC | 2026-oa,https://www.fastprep.io/problems/hsbc-arrange-flower-sticks,javascript,,,2026-05-31T14:12:59.875Z
90193867,Max House Area (HSBC),Medium,Not Attempted,HSBC | 2026-oa,https://www.fastprep.io/problems/hsbc-find-largest-house-area,javascript,,,2026-05-31T14:12:59.875Z
90193868,Integer to String Without Built-ins (Hudson River Trading),Medium,Not Attempted,Hudson River Trading | 2026-oa,https://www.fastprep.io/problems/hudson-river-trading-integer-to-string,javascript,,,2026-05-31T14:12:59.875Z
90193869,Count Power Products in Range (IBM),Medium,Not Attempted,IBM | 2026-oa,https://www.fastprep.io/problems/ibm-count-power-products-in-range,javascript,,,2026-05-31T14:12:59.875Z
90193870,Count Descending Subarrays (IBM),Medium,Not Attempted,IBM | 2026-oa,https://www.fastprep.io/problems/ibm-count-descending-subarrays,javascript,,,2026-05-31T14:12:59.875Z
90193871,Minimum Number of Non-Empty Disjoint Segments (IBM),Medium,Not Attempted,IBM | 2026-oa,https://www.fastprep.io/problems/ibm-minimum-disjoint-segments,javascript,,,2026-05-31T14:12:59.875Z
90193872,Process Execution Time (IBM),Medium,Not Attempted,IBM | 2026-oa,https://www.fastprep.io/problems/ibm-process-execution-time,javascript,,,2026-05-31T14:12:59.875Z
90193873,Service Timeout Detection (IBM),Medium,Not Attempted,IBM | 2026-oa,https://www.fastprep.io/problems/ibm-service-timeout-detection,javascript,,,2026-05-31T14:12:59.875Z
90193874,Get Min Increment (IBM),Medium,Not Attempted,IBM | 2026-oa,https://www.fastprep.io/problems/ibm-get-minimum-increment,javascript,,,2026-05-31T14:12:59.875Z
90193875,Get Min Operations (IBM),Medium,Not Attempted,IBM | 2026-oa,https://www.fastprep.io/problems/ibm-get-min-operations,javascript,,,2026-05-31T14:12:59.875Z
90193876,Bitonic Subarray (IBM),Medium,Not Attempted,IBM | 2026-oa,https://www.fastprep.io/problems/ibm-find-length-of-longest-bitonic-subarray,javascript,,,2026-05-31T14:12:59.875Z
90193877,Find Missing Integers (IBM),Medium,Not Attempted,IBM | 2026-oa,https://www.fastprep.io/problems/ibm-find-missing-integer,javascript,,,2026-05-31T14:12:59.875Z
90193878,Merge Arrays (IBM),Medium,Not Attempted,IBM | 2026-oa,https://www.fastprep.io/problems/ibm-merge-arrays,javascript,,,2026-05-31T14:12:59.875Z
90193879,Min Cost (IBM),Medium,Not Attempted,IBM | 2026-oa,https://www.fastprep.io/problems/ibm-get-minimum-cost,javascript,,,2026-05-31T14:12:59.875Z
90193880,Min Difference (IBM),Medium,Not Attempted,IBM | 2026-oa,https://www.fastprep.io/problems/ibm-minimum-difference,javascript,,,2026-05-31T14:12:59.875Z
90193881,Max Profit (IBM),Medium,Not Attempted,IBM | 2026-oa,https://www.fastprep.io/problems/ibm-max-profit,javascript,,,2026-05-31T14:12:59.875Z
90193882,Get Final String (IBM),Medium,Not Attempted,IBM | 2026-oa,https://www.fastprep.io/problems/ibm-get-final-string,javascript,,,2026-05-31T14:12:59.875Z
90193883,Get Query Answers (IBM),Medium,Not Attempted,IBM | 2026-oa,https://www.fastprep.io/problems/ibm-get-query-answers,javascript,,,2026-05-31T14:12:59.875Z
90193884,Card Packs (IBM),Medium,Not Attempted,IBM | 2026-oa,https://www.fastprep.io/problems/ibm-card-packets,javascript,,,2026-05-31T14:12:59.875Z
90193885,Get Min Moves (IBM),Medium,Not Attempted,IBM | 2026-oa,https://www.fastprep.io/problems/get-min-moves,javascript,,,2026-05-31T14:12:59.875Z
90193886,Bird Collects Sticks (Instacart),Medium,Not Attempted,Instacart | 2026-oa,https://www.fastprep.io/problems/instacart-collect-sticks,javascript,,,2026-05-31T14:12:59.875Z
90193887,Pop Bubbles (Instacart),Medium,Not Attempted,Instacart | 2026-oa,https://www.fastprep.io/problems/instacart-pop-bubbles,javascript,,,2026-05-31T14:12:59.875Z
90193888,Count Color Pairs (Instacart),Medium,Not Attempted,Instacart | 2026-oa,https://www.fastprep.io/problems/instacart-balloon-color-pairs,javascript,,,2026-05-31T14:12:59.875Z
90193889,Count Dropped Requests (JP Morgan),Medium,Not Attempted,JP Morgan | 2026-oa,https://www.fastprep.io/problems/jpmorgan-count-dropped-requests,javascript,,,2026-05-31T14:12:59.875Z
90193890,Generate Table of Contents (JP Morgan),Medium,Not Attempted,JP Morgan | 2026-oa,https://www.fastprep.io/problems/jpmorgan-generate-table-of-contents,javascript,,,2026-05-31T14:12:59.875Z
90193891,Calculate Net Profit (JP Morgan),Medium,Not Attempted,JP Morgan | 2026-oa,https://www.fastprep.io/problems/jpmorgan-calculate-net-profit,javascript,,,2026-05-31T14:12:59.875Z
90193892,Balanced Sum (JP Morgan),Medium,Not Attempted,JP Morgan | 2026-oa,https://www.fastprep.io/problems/jpmorgan-balanced-sum,javascript,,,2026-05-31T14:12:59.875Z
90193893,Get Min Operations (JP Morgan),Medium,Not Attempted,JP Morgan | 2026-oa,https://www.fastprep.io/problems/jpmorgan-get-min-operations,javascript,,,2026-05-31T14:12:59.875Z
90193894,Get Search Result (JP Morgan),Medium,Not Attempted,JP Morgan | 2026-oa,https://www.fastprep.io/problems/jpmorgan-get-search-results,javascript,,,2026-05-31T14:12:59.875Z
90193895,One Substring Count (JP Morgan),Medium,Not Attempted,JP Morgan | 2026-oa,https://www.fastprep.io/problems/jpmorgan-one-substring-count,javascript,,,2026-05-31T14:12:59.875Z
90193896,Find Total Weight (JP Morgan),Medium,Not Attempted,JP Morgan | 2026-oa,https://www.fastprep.io/problems/jpmorgan-find-total-weight,javascript,,,2026-05-31T14:12:59.875Z
90193897,Find Total Cost (JP Morgan),Medium,Not Attempted,JP Morgan | 2026-oa,https://www.fastprep.io/problems/jpmorgan-find-total-cost,javascript,,,2026-05-31T14:12:59.875Z
90193898,Converging Maze: Largest Sum Cycle (Juspay),Medium,Not Attempted,Juspay | 2026-oa,https://www.fastprep.io/problems/juspay-converging-maze-largest-sum-cycle,javascript,,,2026-05-31T14:12:59.875Z
90193899,Converging Maze: Nearest meeting cell (Juspay),Medium,Not Attempted,Juspay | 2026-oa,https://www.fastprep.io/problems/juspay-nearest-meeting-cell,javascript,,,2026-05-31T14:12:59.875Z
90193900,Count Completed Trips (LinkedIn),Medium,Not Attempted,LinkedIn | 2026-oa,https://www.fastprep.io/problems/linkedin-count-completed-trips,javascript,,,2026-05-31T14:12:59.875Z
90193901,Balancing Teams (Mathwork),Medium,Not Attempted,Mathwork | 2026-oa,https://www.fastprep.io/problems/mathworks-balancing-teams,javascript,,,2026-05-31T14:12:59.875Z
90193902,Largest Sub-Grid (Mathwork),Medium,Not Attempted,Mathwork | 2026-oa,https://www.fastprep.io/problems/mathworks-largest-sub-grid,javascript,,,2026-05-31T14:12:59.875Z
90193903,Has Vowels (Mathwork),Medium,Not Attempted,Mathwork | 2026-oa,https://www.fastprep.io/problems/mathwork-has-vowels,javascript,,,2026-05-31T14:12:59.875Z
90193904,Get Min Operations (Mathwork),Medium,Not Attempted,Mathwork | 2026-oa,https://www.fastprep.io/problems/mathworks-get-minimum-operations,javascript,,,2026-05-31T14:12:59.875Z
90193905,Distinct Moves (Meesho),Medium,Not Attempted,Meesho | 2026-oa,https://www.fastprep.io/problems/meesho-distinct-moves,javascript,,,2026-05-31T14:12:59.875Z
90193906,Merge Three Sorted Arrays (Meta),Medium,Not Attempted,Meta | 2026-oa,https://www.fastprep.io/problems/meta-merge-three-sorted-arrays,javascript,,,2026-05-31T14:12:59.875Z
90193907,Process Messages (micro1),Medium,Not Attempted,micro1 | 2026-oa,https://www.fastprep.io/problems/micro1-process-messages,javascript,,,2026-05-31T14:12:59.875Z
90193908,Valid Mixed Case Letters (Microsoft),Medium,Not Attempted,Microsoft | 2026-oa,https://www.fastprep.io/problems/microsoft-valid-mixed-case-letters,javascript,,,2026-05-31T14:12:59.875Z
90193909,Min Cars to Remove (Microsoft),Medium,Not Attempted,Microsoft | 2026-oa,https://www.fastprep.io/problems/microsoft-minimum-cars-to-remove,javascript,,,2026-05-31T14:12:59.875Z
90193910,Freeing Shelves (Microsoft),Medium,Not Attempted,Microsoft | 2026-oa,https://www.fastprep.io/problems/microsoft-maximize-types-after-freeing-shelves,javascript,,,2026-05-31T14:12:59.875Z
90193911,Balance the Game Board (Microsoft),Medium,Not Attempted,Microsoft | 2026-oa,https://www.fastprep.io/problems/microsoft-balance-the-game-board,javascript,,,2026-05-31T14:12:59.875Z
90193912,Maximize Number Of Produced Cars (Microsoft),Medium,Not Attempted,Microsoft | 2026-oa,https://www.fastprep.io/problems/microsoft-maximize-number-of-produced-cars,javascript,,,2026-05-31T14:12:59.875Z
90193913,Minimize Tokens Remaining (Microsoft),Medium,Not Attempted,Microsoft | 2026-oa,https://www.fastprep.io/problems/microsoft-minimum-tokens-remaining,javascript,,,2026-05-31T14:12:59.875Z
90193914,Sum with Tiles (Microsoft),Medium,Not Attempted,Microsoft | 2026-oa,https://www.fastprep.io/problems/microsoft-sum-with-tiles,javascript,,,2026-05-31T14:12:59.875Z
90193915,Maximize Sum of Two Non Overlapping Fragments (Microsoft),Medium,Not Attempted,Microsoft | 2026-oa,https://www.fastprep.io/problems/microsoft-maximize-sum-of-two-non-overlapping-fragments,javascript,,,2026-05-31T14:12:59.875Z
90193916,Three Partition Array (Microsoft),Medium,Not Attempted,Microsoft | 2026-oa,https://www.fastprep.io/problems/microsoft-three-partition-array,javascript,,,2026-05-31T14:12:59.875Z
90193917,Min Replacements Required to Make a Matrix Balanced (Microsoft),Medium,Not Attempted,Microsoft | 2026-oa,https://www.fastprep.io/problems/microsoft-microsoft-minimum-replacements-required-to-make-a-matrix-balanced,javascript,,,2026-05-31T14:12:59.875Z
90193918,Max Sum With Same First And Last Digit (Microsoft),Medium,Not Attempted,Microsoft | 2026-oa,https://www.fastprep.io/problems/microsoft-find-max-sum-with-same-first-and-last-digit,javascript,,,2026-05-31T14:12:59.875Z
90193919,Max Num Of Prduced Car (Microsoft),Medium,Not Attempted,Microsoft | 2026-oa,https://www.fastprep.io/problems/microsoft-max-num-of-produced-cars,javascript,,,2026-05-31T14:12:59.875Z
90193920,Reverse An Integer (Microsoft),Medium,Not Attempted,Microsoft | 2026-oa,https://www.fastprep.io/problems/microsoft-reverse-an-integer,javascript,,,2026-05-31T14:12:59.875Z
90193921,Timed Cache with Sidecar Cleanup (Netflix),Medium,Not Attempted,Netflix | 2026-oa,https://www.fastprep.io/problems/netflix-timed-cache-with-sidecar-cleanup,javascript,,,2026-05-31T14:12:59.875Z
90193922,Command Undo Data Structure (Netflix),Medium,Not Attempted,Netflix | 2026-oa,https://www.fastprep.io/problems/netflix-command-undo-data-structure,javascript,,,2026-05-31T14:12:59.875Z
90193923,Chat Event Counts (OpenAI),Medium,Not Attempted,OpenAI | 2026-oa,https://www.fastprep.io/problems/openai-chat-event-counts,javascript,,,2026-05-31T14:12:59.875Z
90193924,Grid Infection Spread Until Stable (OpenAI),Medium,Not Attempted,OpenAI | 2026-oa,https://www.fastprep.io/problems/openai-grid-infection-spread-until-stable,javascript,,,2026-05-31T14:12:59.875Z
90193925,Grid Infection with Immune Cells Until Stable (OpenAI),Medium,Not Attempted,OpenAI | 2026-oa,https://www.fastprep.io/problems/openai-grid-infection-with-immune-cells,javascript,,,2026-05-31T14:12:59.875Z
90193926,ChatApp with Bots (OpenAI),Medium,Not Attempted,OpenAI | 2026-oa,https://www.fastprep.io/problems/openai-chatapp-with-bots,javascript,,,2026-05-31T14:12:59.875Z
90193927,IP Address to CIDR Blocks (OpenAI),Medium,Not Attempted,OpenAI | 2026-oa,https://www.fastprep.io/problems/openai-ip-address-to-cidr-blocks,javascript,,,2026-05-31T14:12:59.875Z
90193928,Days Between (Optiver),Medium,Not Attempted,Optiver | 2026-oa,https://www.fastprep.io/problems/optiver-days-between,javascript,,,2026-05-31T14:12:59.875Z
90193929,Min Diff (Oracle),Medium,Not Attempted,Oracle | 2026-oa,https://www.fastprep.io/problems/oracle-min-diff,javascript,,,2026-05-31T14:12:59.875Z
90193930,Members Lacking Provider Network Access (Oscar Health),Medium,Not Attempted,Oscar Health | 2026-oa,https://www.fastprep.io/problems/oscar-health-members-lacking-provider-network-access,javascript,,,2026-05-31T14:12:59.875Z
90193931,Assign Server Numbers by Type (Oura),Medium,Not Attempted,Oura | 2026-oa,https://www.fastprep.io/problems/oura-assign-server-numbers-by-type,javascript,,,2026-05-31T14:12:59.875Z
90193932,Find Min Price (Paypal),Medium,Not Attempted,Paypal | 2026-oa,https://www.fastprep.io/problems/paypal-find-minimum-price,javascript,,,2026-05-31T14:12:59.875Z
90193933,Sum Consecutive Identical Digits (PayPay),Medium,Not Attempted,PayPay | 2026-oa,https://www.fastprep.io/problems/paypay-sum-consecutive-identical-digits,javascript,,,2026-05-31T14:12:59.875Z
90193934,Board Coloring and Query Processing (PayPay),Medium,Not Attempted,PayPay | 2026-oa,https://www.fastprep.io/problems/paypay-board-coloring-and-query-processing,javascript,,,2026-05-31T14:12:59.875Z
90193935,Palindromic Array Transformation (PayPay),Medium,Not Attempted,PayPay | 2026-oa,https://www.fastprep.io/problems/paypay-palindromic-array-transformation,javascript,,,2026-05-31T14:12:59.875Z
90193936,Calculate Change (PayPay),Medium,Not Attempted,PayPay | 2026-oa,https://www.fastprep.io/problems/paypay-calculate-change,javascript,,,2026-05-31T14:12:59.875Z
90193937,Find Maximum Two-Digit Fragment (PayPay),Medium,Not Attempted,PayPay | 2026-oa,https://www.fastprep.io/problems/paypay-find-maximum-two-digit-fragment,javascript,,,2026-05-31T14:12:59.875Z
90193938,Assign Pins to the Shortest Column (Pinterest),Medium,Not Attempted,Pinterest | 2026-oa,https://www.fastprep.io/problems/pinterest-assign-pins-to-shortest-column,javascript,,,2026-05-31T14:12:59.875Z
90193939,Lexicographically Smallest String After Substring Operation (Point 72),Medium,Not Attempted,Point 72 | 2026-oa,https://www.fastprep.io/problems/point72-lexicographically-smallest-substring-operation,javascript,,,2026-05-31T14:12:59.875Z
90193940,Get Triplet Count (Point 72),Medium,Not Attempted,Point 72 | 2026-oa,https://www.fastprep.io/problems/point72-get-triplet-count,javascript,,,2026-05-31T14:12:59.875Z
90193941,Initial Public Offering (Point 72),Medium,Not Attempted,Point 72 | 2026-oa,https://www.fastprep.io/problems/point72-initial-public-offering,javascript,,,2026-05-31T14:12:59.875Z
90193942,Get Min Time (Publicis Sapients),Medium,Not Attempted,Publicis Sapients | 2026-oa,https://www.fastprep.io/problems/publicis-sapients-get-minimum-time,javascript,,,2026-05-31T14:12:59.875Z
90193943,Bakery Quality Control (Pure Storage),Medium,Not Attempted,Pure Storage | 2026-oa,https://www.fastprep.io/problems/https://www.fastprep.io/problems/purestorage-compare-boxes-to-template,javascript,,,2026-05-31T14:12:59.875Z
90193944,Find Repetition (Pure Storage),Medium,Not Attempted,Pure Storage | 2026-oa,https://www.fastprep.io/problems/https://www.fastprep.io/problems/purestorage-find-repetitions,javascript,,,2026-05-31T14:12:59.875Z
90193945,Count Different Palindrome Substrings (Pure Storage),Medium,Not Attempted,Pure Storage | 2026-oa,https://www.fastprep.io/problems/https://www.fastprep.io/problems/purestorage-count-different-palindrome-substrings,javascript,,,2026-05-31T14:12:59.875Z
90193946,Racing Results (Pure Storage),Medium,Not Attempted,Pure Storage | 2026-oa,https://www.fastprep.io/problems/https://www.fastprep.io/problems/purestorage-racing-results,javascript,,,2026-05-31T14:12:59.875Z
90193947,Count Powers Of K (Quora),Medium,Not Attempted,Quora | 2026-oa,https://www.fastprep.io/problems/quora-count-powers-of-k,javascript,,,2026-05-31T14:12:59.875Z
90193948,Determine the Elimination Order (Quora),Medium,Not Attempted,Quora | 2026-oa,https://www.fastprep.io/problems/quora-determine-the-elimination-order,javascript,,,2026-05-31T14:12:59.875Z
90193949,Accept or Decline Queries (Ramp),Medium,Not Attempted,Ramp | 2026-oa,https://www.fastprep.io/problems/ramp-accept-or-decline-queries,javascript,,,2026-05-31T14:12:59.875Z
90193950,Maximum Time Required To Transfer Data (Rippling),Medium,Not Attempted,Rippling | 2026-oa,https://www.fastprep.io/problems/rippling-maximum-time-required-to-transfer-data,javascript,,,2026-05-31T14:12:59.875Z
90193951,Implement a Rate Limiter (Roblox),Medium,Not Attempted,Roblox | 2026-oa,https://www.fastprep.io/problems/roblox-implement-rate-limiter,javascript,,,2026-05-31T14:12:59.875Z
90193952,Rate Limit by Multiple Request Fields (Roblox),Medium,Not Attempted,Roblox | 2026-oa,https://www.fastprep.io/problems/roblox-rate-limit-by-multiple-request-fields,javascript,,,2026-05-31T14:12:59.875Z
90193953,Get Min Operations (Rubrik),Medium,Not Attempted,Rubrik | 2026-oa,https://www.fastprep.io/problems/rubrik-get-min-operations,javascript,,,2026-05-31T14:12:59.875Z
90193954,Get Min Operations (Rubrik),Medium,Not Attempted,Rubrik | 2026-oa,https://www.fastprep.io/problems/rubrik-get-min-operations,javascript,,,2026-05-31T14:12:59.875Z
90193955,Get Triplet Count (Rubrik),Medium,Not Attempted,Rubrik | 2026-oa,https://www.fastprep.io/problems/rubrik-get-triplet-count,javascript,,,2026-05-31T14:12:59.875Z
90193956,Find Pod Count (Rubrik),Medium,Not Attempted,Rubrik | 2026-oa,https://www.fastprep.io/problems/rubrik-find-pod-count,javascript,,,2026-05-31T14:12:59.875Z
90193957,Find Longest Subsequence Common To X As Substring In Y (Salesfoece),Medium,Not Attempted,Salesfoece | 2026-oa,https://www.fastprep.io/problems/salesforce-find-longest-subsequence-common-to-x-as-substring-in-y,javascript,,,2026-05-31T14:12:59.875Z
90193958,Find Word sNot In Subsequence (Salesfoece),Medium,Not Attempted,Salesfoece | 2026-oa,https://www.fastprep.io/problems/salesforce-find-words-in-string-not-in-subsequence,javascript,,,2026-05-31T14:12:59.875Z
90193959,Tool Changer (Salesfoece),Medium,Not Attempted,Salesfoece | 2026-oa,https://www.fastprep.io/problems/salesforce-split-array-largest-sum,javascript,,,2026-05-31T14:12:59.875Z
90193960,Minimize Total Input Cost (Salesforce),Medium,Not Attempted,Salesforce | 2026-oa,https://www.fastprep.io/problems/salesforce-minimize-total-input-cost,javascript,,,2026-05-31T14:12:59.875Z
90193961,Effective Role Privileges (Snowflake),Medium,Not Attempted,Snowflake | 2026-oa,https://www.fastprep.io/problems/snowflake-effective-role-privileges,javascript,,,2026-05-31T14:12:59.875Z
90193962,Minimum Index Distance Between Person and Cake (Snowflake),Medium,Not Attempted,Snowflake | 2026-oa,https://www.fastprep.io/problems/snowflake-minimum-index-distance-between-person-and-cake,javascript,,,2026-05-31T14:12:59.875Z
90193963,Minimum Clicks Between Wiki Pages (Snowflake),Medium,Not Attempted,Snowflake | 2026-oa,https://www.fastprep.io/problems/snowflake-minimum-clicks-between-wiki-pages,javascript,,,2026-05-31T14:12:59.875Z
90193964,Remove Stones to Minimize the Total (Snowflake),Medium,Not Attempted,Snowflake | 2026-oa,https://www.fastprep.io/problems/snowflake-remove-stones-to-minimize-the-total,javascript,,,2026-05-31T14:12:59.875Z
90193965,Find the Max Len of A Good Subsequence I (Snowflake),Medium,Not Attempted,Snowflake | 2026-oa,https://www.fastprep.io/problems/snowflake-find-the-maximum-length-of-a-good-subsequence-i,javascript,,,2026-05-31T14:12:59.875Z
90193966,Request Routing System (Stripe),Medium,Not Attempted,Stripe | 2026-oa,https://www.fastprep.io/problems/stripe-request-routing-system,javascript,,,2026-05-31T14:12:59.875Z
90193967,"Email Log Processing, Grouping, and Sorting (Stripe)",Medium,Not Attempted,Stripe | 2026-oa,https://www.fastprep.io/problems/stripe-email-log-grouping-and-sorting,javascript,,,2026-05-31T14:12:59.875Z
90193968,Generate Available Time Slots (Stripe),Medium,Not Attempted,Stripe | 2026-oa,https://www.fastprep.io/problems/stripe-generate-available-time-slots,javascript,,,2026-05-31T14:12:59.876Z
90193969,Card Range Obfuscation Part 4 (Stripe),Medium,Not Attempted,Stripe | 2026-oa,https://www.fastprep.io/problems/stripe-card-range-obfuscation-part4,javascript,,,2026-05-31T14:12:59.876Z
90193970,Card Range Obfuscation Part 3 (Stripe),Medium,Not Attempted,Stripe | 2026-oa,https://www.fastprep.io/problems/stripe-card-range-obfuscation-part3,javascript,,,2026-05-31T14:12:59.876Z
90193971,Card Range Obfuscation Part 2 (Stripe),Medium,Not Attempted,Stripe | 2026-oa,https://www.fastprep.io/problems/stripe-card-range-obfuscation-part2,javascript,,,2026-05-31T14:12:59.876Z
90193972,Card Range Obfuscation Part 1 (Stripe),Medium,Not Attempted,Stripe | 2026-oa,https://www.fastprep.io/problems/stripe-card-range-obfuscation-part1,javascript,,,2026-05-31T14:12:59.876Z
90193973,Lost Messages (Superhuman),Medium,Not Attempted,Superhuman | 2026-oa,https://www.fastprep.io/problems/superhuman-lost-messages,javascript,,,2026-05-31T14:12:59.876Z
90193974,Optimal Transfer (Superhuman),Medium,Not Attempted,Superhuman | 2026-oa,https://www.fastprep.io/problems/superhuman-optimal-transfer,javascript,,,2026-05-31T14:12:59.876Z
90193975,Math Homework (Superhuman),Medium,Not Attempted,Superhuman | 2026-oa,https://www.fastprep.io/problems/superhuman-math-homework,javascript,,,2026-05-31T14:12:59.876Z
90193976,KV Store with Rollback (Tesla),Medium,Not Attempted,Tesla | 2026-oa,https://www.fastprep.io/problems/tesla-kv-store-with-rollback,javascript,,,2026-05-31T14:12:59.876Z
90193977,Shoe Factory (Tesla),Medium,Not Attempted,Tesla | 2026-oa,https://www.fastprep.io/problems/tesla-shoe-factory,javascript,,,2026-05-31T14:12:59.876Z
90193978,Encrypt (Tesla),Medium,Not Attempted,Tesla | 2026-oa,https://www.fastprep.io/problems/tesla-encrypt,javascript,,,2026-05-31T14:12:59.876Z
90193979,Maximum Candies with At Most Two Types in a Line (TikTok),Medium,Not Attempted,TikTok | 2026-oa,https://www.fastprep.io/problems/tiktok-maximum-candies-two-types-line,javascript,,,2026-05-31T14:12:59.876Z
90193980,LRU Cache with TTL Expiration (TikTok),Medium,Not Attempted,TikTok | 2026-oa,https://www.fastprep.io/problems/tiktok-lru-cache-with-ttl-expiration,javascript,,,2026-05-31T14:12:59.876Z
90193981,Min Adjustment (TikTok),Medium,Not Attempted,TikTok | 2026-oa,https://www.fastprep.io/problems/tiktok-get-min-adjustments,javascript,,,2026-05-31T14:12:59.876Z
90193982,Shopping Cost (TikTok),Medium,Not Attempted,TikTok | 2026-oa,https://www.fastprep.io/problems/tiktok-calculate-tiktok-shopping-cost,javascript,,,2026-05-31T14:12:59.876Z
90193983,Playlist Partitioning (TikTok),Medium,Not Attempted,TikTok | 2026-oa,https://www.fastprep.io/problems/tiktok-playlist-partitioning,javascript,,,2026-05-31T14:12:59.876Z
90193984,Change Username (TikTok),Medium,Not Attempted,TikTok | 2026-oa,https://www.fastprep.io/problems/tiktok-changing-username,javascript,,,2026-05-31T14:12:59.876Z
90193985,TikTok Spam Filter (TikTok),Medium,Not Attempted,TikTok | 2026-oa,https://www.fastprep.io/problems/tiktok-get-spam-comments,javascript,,,2026-05-31T14:12:59.876Z
90193986,Count Twin Pairs (TikTok),Medium,Not Attempted,TikTok | 2026-oa,https://www.fastprep.io/problems/tiktok-count-twin-pairs,javascript,,,2026-05-31T14:12:59.876Z
90193987,Interesting Watch Sequence (TikTok),Medium,Not Attempted,TikTok | 2026-oa,https://www.fastprep.io/problems/tiktok-interesting-watch-sequence,javascript,,,2026-05-31T14:12:59.876Z
90193988,Create Maximum Collaborations (TikTok),Medium,Not Attempted,TikTok | 2026-oa,https://www.fastprep.io/problems/tiktok-create-maximum-collaborations,javascript,,,2026-05-31T14:12:59.876Z
90193989,Maximize Processing Power (TikTok),Medium,Not Attempted,TikTok | 2026-oa,https://www.fastprep.io/problems/tiktok-maximize-processing-power,javascript,,,2026-05-31T14:12:59.876Z
90193990,Calculate Max Processing Throughput (TikTok),Medium,Not Attempted,TikTok | 2026-oa,https://www.fastprep.io/problems/tiktok-calculate-max-processing-throughput,javascript,,,2026-05-31T14:12:59.876Z
90193991,Get Total Impact (TikTok),Medium,Not Attempted,TikTok | 2026-oa,https://www.fastprep.io/problems/tiktok-get-total-impact,javascript,,,2026-05-31T14:12:59.876Z
90193992,Get Total Impact (TikTok),Medium,Not Attempted,TikTok | 2026-oa,https://www.fastprep.io/problems/tiktok-get-total-impact,javascript,,,2026-05-31T14:12:59.876Z
90193993,Max Profits (TikTok),Medium,Not Attempted,TikTok | 2026-oa,https://www.fastprep.io/problems/tiktok-max-profit,javascript,,,2026-05-31T14:12:59.876Z
90193994,Rearrange Students (TikTok),Medium,Not Attempted,TikTok | 2026-oa,https://www.fastprep.io/problems/tiktok-rearrange-students,javascript,,,2026-05-31T14:12:59.876Z
90193995,Max Engagement (TikTok),Medium,Not Attempted,TikTok | 2026-oa,https://www.fastprep.io/problems/tiktok-find-maximum-engagement,javascript,,,2026-05-31T14:12:59.876Z
90193996,Change Segment Colors (Trend Micro),Medium,Not Attempted,Trend Micro | 2026-oa,https://www.fastprep.io/problems/trendmicro-change-segment-colors,javascript,,,2026-05-31T14:12:59.876Z
90193997,Piecewise Linear Interpolation and Extrapolation (Two Sigma),Medium,Not Attempted,Two Sigma | 2026-oa,https://www.fastprep.io/problems/twosigma-piecewise-linear-interpolation,javascript,,,2026-05-31T14:12:59.876Z
90193998,Calculate y/x using Patch (Two Sigma),Medium,Not Attempted,Two Sigma | 2026-oa,https://www.fastprep.io/problems/twosigma-calculate-y-over-x,javascript,,,2026-05-31T14:12:59.876Z
90193999,Sewer Drainage Partition (Two Sigma),Medium,Not Attempted,Two Sigma | 2026-oa,https://www.fastprep.io/problems/twosigma-sewer-drainage-partition,javascript,,,2026-05-31T14:12:59.876Z
90194000,Tournament Rounds by Rank (Uber),Medium,Not Attempted,Uber | 2026-oa,https://www.fastprep.io/problems/uber-tournament-rounds,javascript,,,2026-05-31T14:12:59.876Z
90194001,Earliest Time All Users Are Connected (Uber),Medium,Not Attempted,Uber | 2026-oa,https://www.fastprep.io/problems/uber-earliest-full-connection,javascript,,,2026-05-31T14:12:59.876Z
90194002,Convex Function Minimization (Uber),Medium,Not Attempted,Uber | 2026-oa,https://www.fastprep.io/problems/uber-convex-function-minimization,javascript,,,2026-05-31T14:12:59.876Z
90194003,Maximal Square Area (Uber),Medium,Not Attempted,Uber | 2026-oa,https://www.fastprep.io/problems/uber-maximal-square-area,javascript,,,2026-05-31T14:12:59.876Z
90194004,First Unique IP Hitting the Server (Uber),Medium,Not Attempted,Uber | 2026-oa,https://www.fastprep.io/problems/uber-first-unique-ip-hitting-server,javascript,,,2026-05-31T14:12:59.876Z
90194005,First Unique Log Entry (Uber),Medium,Not Attempted,Uber | 2026-oa,https://www.fastprep.io/problems/uber-first-unique-log-entry,javascript,,,2026-05-31T14:12:59.876Z
90194006,Top-K Using a Priority Queue (Uber),Medium,Not Attempted,Uber | 2026-oa,https://www.fastprep.io/problems/uber-top-k-using-priority-queue,javascript,,,2026-05-31T14:12:59.876Z
90194007,"Binary Tree: Subtree Sum, Maximum Path Sum, and Path Nodes (Uber)",Medium,Not Attempted,Uber | 2026-oa,https://www.fastprep.io/problems/uber-binary-tree-subtree-sum-maximum-path-and-path-nodes,javascript,,,2026-05-31T14:12:59.876Z
90194008,Output All Possible Strings (Uber),Medium,Not Attempted,Uber | 2026-oa,https://www.fastprep.io/problems/uber-output-all-possible-strings,javascript,,,2026-05-31T14:12:59.876Z
90194009,Output All Possible Strings (Uber),Medium,Not Attempted,Uber | 2026-oa,https://www.fastprep.io/problems/uber-output-all-possible-strings,javascript,,,2026-05-31T14:12:59.876Z
90194010,Generate Arrays (Uber),Medium,Not Attempted,Uber | 2026-oa,https://www.fastprep.io/problems/uber-generate-array,javascript,,,2026-05-31T14:12:59.876Z
90194011,Balanced Prefix Sets in a Permutation (Uber),Medium,Not Attempted,Uber | 2026-oa,https://www.fastprep.io/problems/uber-balanced-prefix-sets-in-permutation,javascript,,,2026-05-31T14:12:59.876Z
90194012,Minimum Edge Reversals to Root a Tree (Uber),Medium,Not Attempted,Uber | 2026-oa,https://www.fastprep.io/problems/uber-minimum-edge-reversals-root,javascript,,,2026-05-31T14:12:59.876Z
90194013,Top 2 Teams (Uber),Medium,Not Attempted,Uber | 2026-oa,https://www.fastprep.io/problems/uber-find-top-two-teams,javascript,,,2026-05-31T14:12:59.876Z
90194014,Regional Maximum Finder (Uber),Medium,Not Attempted,Uber | 2026-oa,https://www.fastprep.io/problems/uber-regional-maximum-finder,javascript,,,2026-05-31T14:12:59.876Z
90194015,Command Frequency Counter (Uber),Medium,Not Attempted,Uber | 2026-oa,https://www.fastprep.io/problems/uber-command-frequency-counter,javascript,,,2026-05-31T14:12:59.876Z
90194016,Valid String Check (Uber),Medium,Not Attempted,Uber | 2026-oa,https://www.fastprep.io/problems/uber-valid-string-check,javascript,,,2026-05-31T14:12:59.876Z
90194017,Math Challenge (Unknown Company),Medium,Not Attempted,Unknown Company | 2026-oa,https://www.fastprep.io/problems/unknown-math-challenge,javascript,,,2026-05-31T14:12:59.876Z
90194018,Get Minimum Moves (Unknown Company),Medium,Not Attempted,Unknown Company | 2026-oa,https://www.fastprep.io/problems/unknown-get-minimum-moves,javascript,,,2026-05-31T14:12:59.876Z
90194019,Build Monuments (Unknown Company),Medium,Not Attempted,Unknown Company | 2026-oa,https://www.fastprep.io/problems/build-monuments,javascript,,,2026-05-31T14:12:59.876Z
90194020,Bounding Box from Coordinates (Upstart),Medium,Not Attempted,Upstart | 2026-oa,https://www.fastprep.io/problems/upstart-bounding-box-from-coordinates,javascript,,,2026-05-31T14:12:59.876Z
90194021,Filter by Threshold and Return Name with Max Score (Upstart),Medium,Not Attempted,Upstart | 2026-oa,https://www.fastprep.io/problems/upstart-filter-threshold-max-score,javascript,,,2026-05-31T14:12:59.876Z
90194022,Find Valid IP Addresses (Verkada),Medium,Not Attempted,Verkada | 2026-oa,https://www.fastprep.io/problems/verkada-find-valid-ip-addresses,javascript,,,2026-05-31T14:12:59.876Z
90194023,Minimum Cost to Select People for Skill Quotas (Visa),Medium,Not Attempted,Visa | 2026-oa,https://www.fastprep.io/problems/visa-minimum-cost-to-select-people-for-skill-quotas,javascript,,,2026-05-31T14:12:59.876Z
90194024,Maximize Capped Contribution Sum (Visa),Medium,Not Attempted,Visa | 2026-oa,https://www.fastprep.io/problems/visa-maximize-capped-contribution-sum,javascript,,,2026-05-31T14:12:59.876Z
90194025,Longest Selectable Non-Decreasing Subarray (Visa),Medium,Not Attempted,Visa | 2026-oa,https://www.fastprep.io/problems/visa-longest-selectable-nondecreasing-subarray,javascript,,,2026-05-31T14:12:59.876Z
90194026,Decode Repeated Groups (Waymo),Medium,Not Attempted,Waymo | 2026-oa,https://www.fastprep.io/problems/waymo-decode-repeated-groups,javascript,,,2026-05-31T14:12:59.876Z
90194027,Get Min Length (Wells Fargo),Medium,Not Attempted,Wells Fargo | 2026-oa,https://www.fastprep.io/problems/wellsfargo-get-min-length,javascript,,,2026-05-31T14:12:59.876Z
90194028,User Journey Paths (Whatnot),Medium,Not Attempted,Whatnot | 2026-oa,https://www.fastprep.io/problems/whatnot-user-journey-paths,javascript,,,2026-05-31T14:12:59.876Z
90194029,Count Substring (YahoO),Medium,Not Attempted,YahoO | 2026-oa,https://www.fastprep.io/problems/yahoo-get-substring-count,javascript,,,2026-05-31T14:12:59.878Z
90194030,Get String (YahoO),Medium,Not Attempted,YahoO | 2026-oa,https://www.fastprep.io/problems/yahoo-get-string,javascript,,,2026-05-31T14:12:59.878Z
90194031,Fantasy Card Duel (ZipRecruiter),Medium,Not Attempted,ZipRecruiter | 2026-oa,https://www.fastprep.io/problems/ziprecruiter-fantasy-card-duel,javascript,,,2026-05-31T14:12:59.878Z
90194032,Triplets With Unique Chars (ZipRecruiter),Medium,Not Attempted,ZipRecruiter | 2026-oa,https://www.fastprep.io/problems/ziprecruiter-triplets-with-unique-chars,javascript,,,2026-05-31T14:12:59.878Z
